id_calle;flujo;;;Rangos;;Numero calles
0;544;;;0;100;5446
1;508;;;100;200;644
2;679;;;200;300;247
3;370;;;300;400;154
4;1330;;;400;500;111
5;1443;;;500;600;74
6;995;;;600;700;47
7;3725;;;700;800;41
8;2276;;;800;900;22
9;462;;;900;1000;34
10;1220;;;1000;1100;28
11;753;;;1100;1200;26
12;1504;;;1200;1300;22
13;1400;;;1300;1400;10
14;4617;;;1400;1500;13
15;1175;;;1500;1600;16
16;319;;;1600;1700;8
17;1102;;;1700;1800;14
18;1811;;;1800;1900;7
19;1105;;;1900;2000;3
20;2394;;;2000;2100;7
21;2667;;;2100;2200;5
22;1445;;;2200;2300;3
23;238;;;2300;2400;7
24;1190;;;2400;2500;0
25;6200;;;2500;2600;3
26;934;;;2600;2700;5
27;403;;;2700;2800;3
28;437;;;2800;2900;1
29;3753;;;2900;3000;3
30;1731;;;3000;3100;1
31;418;;;3100;3200;3
32;372;;;3200;3300;2
33;337;;;3300;3400;0
34;1688;;;3400;3500;0
35;4794;;;3500;3600;0
36;793;;;3600;3700;0
37;377;;;3700;3800;5
38;490;;;3800;3900;0
39;1495;;;3900;4000;3
40;358;;;4000;4100;1
41;362;;;;;
42;1206;;;;;
43;540;;;;;
44;1719;;;;;
45;234;;;;;
46;2712;;;;;
47;1176;;;;;
48;709;;;;;
49;1628;;;;;
50;783;;;;;
51;166;;;;;
52;393;;;;;
53;272;;;;;
54;286;;;;;
55;481;;;;;
56;155;;;;;
57;238;;;;;
58;236;;;;;
59;283;;;;;
60;169;;;;;
61;159;;;;;
62;159;;;;;
63;255;;;;;
64;62;;;;;
65;104;;;;;
66;160;;;;;
67;595;;;;;
68;94;;;;;
69;181;;;;;
70;525;;;;;
71;88;;;;;
72;179;;;;;
73;181;;;;;
74;36;;;;;
75;94;;;;;
76;77;;;;;
77;74;;;;;
78;69;;;;;
79;275;;;;;
80;199;;;;;
81;85;;;;;
82;80;;;;;
83;130;;;;;
84;231;;;;;
85;143;;;;;
86;141;;;;;
87;91;;;;;
88;128;;;;;
89;103;;;;;
90;93;;;;;
91;157;;;;;
92;132;;;;;
93;66;;;;;
94;167;;;;;
95;111;;;;;
96;363;;;;;
97;193;;;;;
98;155;;;;;
99;290;;;;;
100;155;;;;;
101;285;;;;;
102;276;;;;;
103;244;;;;;
104;108;;;;;
105;103;;;;;
106;238;;;;;
107;333;;;;;
108;376;;;;;
109;118;;;;;
110;110;;;;;
111;90;;;;;
112;146;;;;;
113;311;;;;;
114;104;;;;;
115;41;;;;;
116;132;;;;;
117;259;;;;;
118;197;;;;;
119;15;;;;;
120;5;;;;;
121;18;;;;;
122;5;;;;;
123;9;;;;;
124;21;;;;;
125;2;;;;;
126;11;;;;;
127;8;;;;;
128;9;;;;;
129;11;;;;;
130;4;;;;;
131;20;;;;;
132;6;;;;;
133;20;;;;;
134;14;;;;;
135;5;;;;;
136;4;;;;;
137;6;;;;;
138;3;;;;;
139;6;;;;;
140;5;;;;;
141;7;;;;;
142;1;;;;;
143;5;;;;;
144;87;;;;;
145;10;;;;;
146;32;;;;;
147;1;;;;;
148;1;;;;;
149;6;;;;;
150;3;;;;;
151;5;;;;;
152;11;;;;;
153;5;;;;;
154;4;;;;;
155;2;;;;;
156;1;;;;;
157;5;;;;;
158;32;;;;;
159;13;;;;;
160;2;;;;;
161;11;;;;;
162;1;;;;;
163;4;;;;;
164;29;;;;;
165;1;;;;;
166;69;;;;;
167;36;;;;;
168;12;;;;;
169;1;;;;;
170;13;;;;;
171;3;;;;;
172;3;;;;;
173;28;;;;;
174;21;;;;;
175;2;;;;;
176;22;;;;;
177;6;;;;;
178;6;;;;;
179;4;;;;;
180;16;;;;;
181;6;;;;;
182;11;;;;;
183;14;;;;;
184;18;;;;;
185;21;;;;;
186;35;;;;;
187;4;;;;;
188;4;;;;;
189;7;;;;;
190;9;;;;;
191;6;;;;;
192;27;;;;;
193;32;;;;;
194;11;;;;;
195;9;;;;;
196;10;;;;;
197;35;;;;;
198;9;;;;;
199;4;;;;;
200;6;;;;;
201;5;;;;;
202;1;;;;;
203;5;;;;;
204;21;;;;;
205;21;;;;;
206;12;;;;;
207;8;;;;;
208;50;;;;;
209;16;;;;;
210;4;;;;;
211;26;;;;;
212;6;;;;;
213;4;;;;;
214;11;;;;;
215;4;;;;;
216;228;;;;;
217;235;;;;;
218;5;;;;;
219;1;;;;;
220;1;;;;;
221;2;;;;;
222;10;;;;;
223;22;;;;;
224;59;;;;;
225;1;;;;;
226;38;;;;;
227;2;;;;;
228;4;;;;;
229;8;;;;;
230;17;;;;;
231;6;;;;;
232;7;;;;;
233;5;;;;;
234;11;;;;;
235;1;;;;;
236;16;;;;;
237;2;;;;;
238;10;;;;;
239;1;;;;;
240;15;;;;;
241;1;;;;;
242;6;;;;;
243;7;;;;;
244;17;;;;;
245;7;;;;;
246;14;;;;;
247;18;;;;;
248;21;;;;;
249;38;;;;;
250;8;;;;;
251;12;;;;;
252;33;;;;;
253;33;;;;;
254;8;;;;;
255;8;;;;;
256;11;;;;;
257;27;;;;;
258;61;;;;;
259;29;;;;;
260;1;;;;;
261;8;;;;;
262;25;;;;;
263;263;;;;;
264;23;;;;;
265;23;;;;;
266;703;;;;;
267;7;;;;;
268;36;;;;;
269;16;;;;;
270;266;;;;;
271;30;;;;;
272;48;;;;;
273;27;;;;;
274;10;;;;;
275;13;;;;;
276;38;;;;;
277;22;;;;;
278;53;;;;;
279;2;;;;;
280;11;;;;;
281;29;;;;;
282;22;;;;;
283;29;;;;;
284;20;;;;;
285;11;;;;;
286;13;;;;;
287;7;;;;;
288;35;;;;;
289;22;;;;;
290;27;;;;;
291;16;;;;;
292;5;;;;;
293;1050;;;;;
294;5;;;;;
295;12;;;;;
296;49;;;;;
297;45;;;;;
298;0;;;;;
299;46;;;;;
300;48;;;;;
301;16;;;;;
302;71;;;;;
303;8;;;;;
304;1;;;;;
305;68;;;;;
306;48;;;;;
307;29;;;;;
308;42;;;;;
309;17;;;;;
310;31;;;;;
311;207;;;;;
312;60;;;;;
313;41;;;;;
314;191;;;;;
315;29;;;;;
316;33;;;;;
317;8;;;;;
318;286;;;;;
319;1;;;;;
320;23;;;;;
321;9;;;;;
322;1;;;;;
323;141;;;;;
324;10;;;;;
325;12;;;;;
326;6;;;;;
327;3;;;;;
328;14;;;;;
329;20;;;;;
330;9;;;;;
331;126;;;;;
332;9;;;;;
333;3;;;;;
334;34;;;;;
335;9;;;;;
336;5;;;;;
337;4;;;;;
338;9;;;;;
339;22;;;;;
340;5;;;;;
341;6;;;;;
342;3;;;;;
343;13;;;;;
344;7;;;;;
345;51;;;;;
346;1;;;;;
347;16;;;;;
348;22;;;;;
349;16;;;;;
350;17;;;;;
351;4;;;;;
352;55;;;;;
353;7;;;;;
354;36;;;;;
355;46;;;;;
356;74;;;;;
357;4;;;;;
358;3;;;;;
359;25;;;;;
360;78;;;;;
361;19;;;;;
362;9;;;;;
363;23;;;;;
364;4;;;;;
365;581;;;;;
366;35;;;;;
367;8;;;;;
368;18;;;;;
369;354;;;;;
370;14;;;;;
371;15;;;;;
372;10;;;;;
373;41;;;;;
374;9;;;;;
375;7;;;;;
376;25;;;;;
377;17;;;;;
378;37;;;;;
379;90;;;;;
380;30;;;;;
381;30;;;;;
382;7;;;;;
383;87;;;;;
384;2;;;;;
385;11;;;;;
386;2;;;;;
387;2;;;;;
388;923;;;;;
389;5;;;;;
390;5;;;;;
391;1;;;;;
392;1;;;;;
393;1;;;;;
394;25;;;;;
395;26;;;;;
396;8;;;;;
397;18;;;;;
398;107;;;;;
399;115;;;;;
400;57;;;;;
401;39;;;;;
402;64;;;;;
403;19;;;;;
404;3;;;;;
405;65;;;;;
406;4;;;;;
407;9;;;;;
408;1;;;;;
409;24;;;;;
410;18;;;;;
411;10;;;;;
412;2;;;;;
413;14;;;;;
414;12;;;;;
415;19;;;;;
416;11;;;;;
417;28;;;;;
418;6;;;;;
419;6;;;;;
420;4;;;;;
421;20;;;;;
422;30;;;;;
423;15;;;;;
424;11;;;;;
425;1;;;;;
426;13;;;;;
427;9;;;;;
428;92;;;;;
429;20;;;;;
430;5;;;;;
431;7;;;;;
432;24;;;;;
433;7;;;;;
434;12;;;;;
435;1;;;;;
436;10;;;;;
437;7;;;;;
438;10;;;;;
439;2;;;;;
440;2;;;;;
441;14;;;;;
442;92;;;;;
443;52;;;;;
444;21;;;;;
445;90;;;;;
446;106;;;;;
447;3;;;;;
448;31;;;;;
449;3;;;;;
450;40;;;;;
451;17;;;;;
452;37;;;;;
453;62;;;;;
454;22;;;;;
455;139;;;;;
456;109;;;;;
457;98;;;;;
458;37;;;;;
459;194;;;;;
460;27;;;;;
461;140;;;;;
462;1601;;;;;
463;3162;;;;;
464;127;;;;;
465;71;;;;;
466;27;;;;;
467;58;;;;;
468;145;;;;;
469;40;;;;;
470;40;;;;;
471;137;;;;;
472;69;;;;;
473;79;;;;;
474;53;;;;;
475;6;;;;;
476;317;;;;;
477;88;;;;;
478;77;;;;;
479;29;;;;;
480;23;;;;;
481;58;;;;;
482;9;;;;;
483;83;;;;;
484;155;;;;;
485;76;;;;;
486;7;;;;;
487;19;;;;;
488;15;;;;;
489;59;;;;;
490;65;;;;;
491;34;;;;;
492;47;;;;;
493;7;;;;;
494;18;;;;;
495;213;;;;;
496;9;;;;;
497;38;;;;;
498;156;;;;;
499;41;;;;;
500;9;;;;;
501;9;;;;;
502;31;;;;;
503;23;;;;;
504;44;;;;;
505;22;;;;;
506;34;;;;;
507;67;;;;;
508;28;;;;;
509;62;;;;;
510;41;;;;;
511;66;;;;;
512;17;;;;;
513;67;;;;;
514;135;;;;;
515;68;;;;;
516;63;;;;;
517;27;;;;;
518;61;;;;;
519;41;;;;;
520;89;;;;;
521;65;;;;;
522;5;;;;;
523;16;;;;;
524;54;;;;;
525;50;;;;;
526;27;;;;;
527;21;;;;;
528;47;;;;;
529;20;;;;;
530;5;;;;;
531;26;;;;;
532;9;;;;;
533;3;;;;;
534;11;;;;;
535;15;;;;;
536;73;;;;;
537;1;;;;;
538;3;;;;;
539;2;;;;;
540;9;;;;;
541;173;;;;;
542;12;;;;;
543;38;;;;;
544;16;;;;;
545;1;;;;;
546;19;;;;;
547;16;;;;;
548;7;;;;;
549;62;;;;;
550;5;;;;;
551;12;;;;;
552;1;;;;;
553;25;;;;;
554;28;;;;;
555;12;;;;;
556;60;;;;;
557;6;;;;;
558;85;;;;;
559;35;;;;;
560;135;;;;;
561;8;;;;;
562;72;;;;;
563;72;;;;;
564;2;;;;;
565;64;;;;;
566;20;;;;;
567;52;;;;;
568;38;;;;;
569;273;;;;;
570;9;;;;;
571;17;;;;;
572;48;;;;;
573;22;;;;;
574;109;;;;;
575;103;;;;;
576;47;;;;;
577;17;;;;;
578;4;;;;;
579;33;;;;;
580;10;;;;;
581;92;;;;;
582;22;;;;;
583;142;;;;;
584;11;;;;;
585;40;;;;;
586;193;;;;;
587;95;;;;;
588;7;;;;;
589;111;;;;;
590;10;;;;;
591;60;;;;;
592;7;;;;;
593;7;;;;;
594;82;;;;;
595;104;;;;;
596;9;;;;;
597;33;;;;;
598;641;;;;;
599;11;;;;;
600;70;;;;;
601;180;;;;;
602;25;;;;;
603;1;;;;;
604;69;;;;;
605;27;;;;;
606;5;;;;;
607;36;;;;;
608;8;;;;;
609;64;;;;;
610;9;;;;;
611;558;;;;;
612;3;;;;;
613;23;;;;;
614;71;;;;;
615;9;;;;;
616;24;;;;;
617;0;;;;;
618;0;;;;;
619;8;;;;;
620;93;;;;;
621;14;;;;;
622;28;;;;;
623;116;;;;;
624;17;;;;;
625;40;;;;;
626;58;;;;;
627;88;;;;;
628;169;;;;;
629;32;;;;;
630;484;;;;;
631;65;;;;;
632;134;;;;;
633;88;;;;;
634;3;;;;;
635;75;;;;;
636;15;;;;;
637;31;;;;;
638;93;;;;;
639;135;;;;;
640;16;;;;;
641;74;;;;;
642;64;;;;;
643;28;;;;;
644;15;;;;;
645;3;;;;;
646;77;;;;;
647;441;;;;;
648;119;;;;;
649;63;;;;;
650;8;;;;;
651;480;;;;;
652;68;;;;;
653;12;;;;;
654;1111;;;;;
655;75;;;;;
656;10;;;;;
657;88;;;;;
658;66;;;;;
659;38;;;;;
660;422;;;;;
661;87;;;;;
662;46;;;;;
663;35;;;;;
664;29;;;;;
665;7;;;;;
666;98;;;;;
667;75;;;;;
668;18;;;;;
669;77;;;;;
670;604;;;;;
671;1060;;;;;
672;264;;;;;
673;70;;;;;
674;55;;;;;
675;253;;;;;
676;72;;;;;
677;217;;;;;
678;11;;;;;
679;1;;;;;
680;19;;;;;
681;208;;;;;
682;8;;;;;
683;85;;;;;
684;67;;;;;
685;8;;;;;
686;43;;;;;
687;102;;;;;
688;225;;;;;
689;1283;;;;;
690;590;;;;;
691;81;;;;;
692;33;;;;;
693;72;;;;;
694;75;;;;;
695;10;;;;;
696;78;;;;;
697;57;;;;;
698;86;;;;;
699;57;;;;;
700;9;;;;;
701;43;;;;;
702;9;;;;;
703;3;;;;;
704;2;;;;;
705;1;;;;;
706;1;;;;;
707;2;;;;;
708;2;;;;;
709;5;;;;;
710;3;;;;;
711;2;;;;;
712;4;;;;;
713;49;;;;;
714;6;;;;;
715;2;;;;;
716;11;;;;;
717;10;;;;;
718;2;;;;;
719;5;;;;;
720;7;;;;;
721;4;;;;;
722;20;;;;;
723;17;;;;;
724;1;;;;;
725;97;;;;;
726;82;;;;;
727;25;;;;;
728;30;;;;;
729;3;;;;;
730;19;;;;;
731;32;;;;;
732;47;;;;;
733;16;;;;;
734;29;;;;;
735;69;;;;;
736;62;;;;;
737;394;;;;;
738;76;;;;;
739;756;;;;;
740;405;;;;;
741;73;;;;;
742;15;;;;;
743;4;;;;;
744;15;;;;;
745;32;;;;;
746;3;;;;;
747;25;;;;;
748;15;;;;;
749;44;;;;;
750;63;;;;;
751;4;;;;;
752;80;;;;;
753;107;;;;;
754;81;;;;;
755;10;;;;;
756;180;;;;;
757;366;;;;;
758;26;;;;;
759;65;;;;;
760;42;;;;;
761;22;;;;;
762;138;;;;;
763;44;;;;;
764;33;;;;;
765;21;;;;;
766;40;;;;;
767;38;;;;;
768;399;;;;;
769;780;;;;;
770;7;;;;;
771;95;;;;;
772;16;;;;;
773;194;;;;;
774;19;;;;;
775;21;;;;;
776;40;;;;;
777;123;;;;;
778;8;;;;;
779;23;;;;;
780;40;;;;;
781;32;;;;;
782;168;;;;;
783;11;;;;;
784;2382;;;;;
785;29;;;;;
786;38;;;;;
787;33;;;;;
788;25;;;;;
789;73;;;;;
790;107;;;;;
791;22;;;;;
792;43;;;;;
793;15;;;;;
794;2;;;;;
795;13;;;;;
796;2;;;;;
797;25;;;;;
798;129;;;;;
799;34;;;;;
800;13;;;;;
801;19;;;;;
802;81;;;;;
803;734;;;;;
804;538;;;;;
805;1034;;;;;
806;38;;;;;
807;3;;;;;
808;1;;;;;
809;6;;;;;
810;8;;;;;
811;4;;;;;
812;48;;;;;
813;26;;;;;
814;1;;;;;
815;6;;;;;
816;325;;;;;
817;1;;;;;
818;1;;;;;
819;30;;;;;
820;26;;;;;
821;29;;;;;
822;32;;;;;
823;9;;;;;
824;22;;;;;
825;4;;;;;
826;8;;;;;
827;0;;;;;
828;0;;;;;
829;23;;;;;
830;34;;;;;
831;20;;;;;
832;23;;;;;
833;96;;;;;
834;2;;;;;
835;12;;;;;
836;18;;;;;
837;5;;;;;
838;4;;;;;
839;7;;;;;
840;41;;;;;
841;18;;;;;
842;26;;;;;
843;5;;;;;
844;614;;;;;
845;0;;;;;
846;4;;;;;
847;0;;;;;
848;40;;;;;
849;6;;;;;
850;1;;;;;
851;33;;;;;
852;15;;;;;
853;6;;;;;
854;13;;;;;
855;25;;;;;
856;28;;;;;
857;42;;;;;
858;29;;;;;
859;10;;;;;
860;0;;;;;
861;22;;;;;
862;22;;;;;
863;15;;;;;
864;38;;;;;
865;328;;;;;
866;67;;;;;
867;26;;;;;
868;193;;;;;
869;635;;;;;
870;72;;;;;
871;89;;;;;
872;4;;;;;
873;98;;;;;
874;98;;;;;
875;1927;;;;;
876;69;;;;;
877;34;;;;;
878;527;;;;;
879;67;;;;;
880;1;;;;;
881;4;;;;;
882;8;;;;;
883;7;;;;;
884;22;;;;;
885;1;;;;;
886;11;;;;;
887;16;;;;;
888;9;;;;;
889;7;;;;;
890;11;;;;;
891;21;;;;;
892;0;;;;;
893;0;;;;;
894;25;;;;;
895;15;;;;;
896;7;;;;;
897;18;;;;;
898;2;;;;;
899;19;;;;;
900;14;;;;;
901;22;;;;;
902;14;;;;;
903;10;;;;;
904;95;;;;;
905;2;;;;;
906;2;;;;;
907;9;;;;;
908;4;;;;;
909;28;;;;;
910;1;;;;;
911;11;;;;;
912;10;;;;;
913;11;;;;;
914;18;;;;;
915;1;;;;;
916;10;;;;;
917;11;;;;;
918;32;;;;;
919;565;;;;;
920;3;;;;;
921;12;;;;;
922;13;;;;;
923;19;;;;;
924;101;;;;;
925;36;;;;;
926;5;;;;;
927;24;;;;;
928;29;;;;;
929;3;;;;;
930;16;;;;;
931;111;;;;;
932;2;;;;;
933;25;;;;;
934;10;;;;;
935;3;;;;;
936;33;;;;;
937;11;;;;;
938;1;;;;;
939;2;;;;;
940;49;;;;;
941;13;;;;;
942;103;;;;;
943;16;;;;;
944;80;;;;;
945;17;;;;;
946;73;;;;;
947;33;;;;;
948;17;;;;;
949;77;;;;;
950;25;;;;;
951;1;;;;;
952;108;;;;;
953;43;;;;;
954;11;;;;;
955;63;;;;;
956;7;;;;;
957;15;;;;;
958;29;;;;;
959;4;;;;;
960;5;;;;;
961;4;;;;;
962;13;;;;;
963;0;;;;;
964;7;;;;;
965;25;;;;;
966;5;;;;;
967;3;;;;;
968;15;;;;;
969;17;;;;;
970;16;;;;;
971;5;;;;;
972;28;;;;;
973;2;;;;;
974;14;;;;;
975;0;;;;;
976;0;;;;;
977;44;;;;;
978;0;;;;;
979;0;;;;;
980;14;;;;;
981;1;;;;;
982;9;;;;;
983;1;;;;;
984;21;;;;;
985;25;;;;;
986;2;;;;;
987;15;;;;;
988;6;;;;;
989;5;;;;;
990;10;;;;;
991;13;;;;;
992;4;;;;;
993;24;;;;;
994;10;;;;;
995;176;;;;;
996;47;;;;;
997;906;;;;;
998;1;;;;;
999;1;;;;;
1000;39;;;;;
1001;1;;;;;
1002;8;;;;;
1003;0;;;;;
1004;1292;;;;;
1005;22;;;;;
1006;38;;;;;
1007;1;;;;;
1008;1;;;;;
1009;1323;;;;;
1010;4;;;;;
1011;5;;;;;
1012;2;;;;;
1013;51;;;;;
1014;8;;;;;
1015;135;;;;;
1016;8;;;;;
1017;19;;;;;
1018;9;;;;;
1019;1;;;;;
1020;3;;;;;
1021;82;;;;;
1022;6;;;;;
1023;145;;;;;
1024;90;;;;;
1025;12;;;;;
1026;15;;;;;
1027;475;;;;;
1028;7;;;;;
1029;17;;;;;
1030;1;;;;;
1031;21;;;;;
1032;4;;;;;
1033;42;;;;;
1034;24;;;;;
1035;2;;;;;
1036;24;;;;;
1037;4;;;;;
1038;1;;;;;
1039;106;;;;;
1040;13;;;;;
1041;2;;;;;
1042;14;;;;;
1043;3;;;;;
1044;2;;;;;
1045;10;;;;;
1046;5;;;;;
1047;20;;;;;
1048;7;;;;;
1049;2;;;;;
1050;14;;;;;
1051;2;;;;;
1052;15;;;;;
1053;5;;;;;
1054;9;;;;;
1055;3;;;;;
1056;1;;;;;
1057;6;;;;;
1058;45;;;;;
1059;79;;;;;
1060;7;;;;;
1061;4;;;;;
1062;10;;;;;
1063;7;;;;;
1064;6;;;;;
1065;39;;;;;
1066;4;;;;;
1067;25;;;;;
1068;36;;;;;
1069;97;;;;;
1070;39;;;;;
1071;29;;;;;
1072;172;;;;;
1073;0;;;;;
1074;0;;;;;
1075;18;;;;;
1076;79;;;;;
1077;32;;;;;
1078;9;;;;;
1079;14;;;;;
1080;10;;;;;
1081;9;;;;;
1082;7;;;;;
1083;7;;;;;
1084;44;;;;;
1085;20;;;;;
1086;2;;;;;
1087;11;;;;;
1088;7;;;;;
1089;2;;;;;
1090;11;;;;;
1091;22;;;;;
1092;2;;;;;
1093;20;;;;;
1094;12;;;;;
1095;8;;;;;
1096;2;;;;;
1097;11;;;;;
1098;4;;;;;
1099;24;;;;;
1100;56;;;;;
1101;262;;;;;
1102;7;;;;;
1103;9;;;;;
1104;9;;;;;
1105;1;;;;;
1106;10;;;;;
1107;3;;;;;
1108;2;;;;;
1109;301;;;;;
1110;2;;;;;
1111;6;;;;;
1112;2;;;;;
1113;47;;;;;
1114;11;;;;;
1115;3;;;;;
1116;15;;;;;
1117;109;;;;;
1118;2;;;;;
1119;9;;;;;
1120;20;;;;;
1121;15;;;;;
1122;5;;;;;
1123;4;;;;;
1124;8;;;;;
1125;3;;;;;
1126;3;;;;;
1127;1;;;;;
1128;16;;;;;
1129;26;;;;;
1130;8;;;;;
1131;14;;;;;
1132;18;;;;;
1133;7;;;;;
1134;1;;;;;
1135;4;;;;;
1136;8;;;;;
1137;3;;;;;
1138;13;;;;;
1139;26;;;;;
1140;6;;;;;
1141;10;;;;;
1142;3;;;;;
1143;20;;;;;
1144;9;;;;;
1145;146;;;;;
1146;1;;;;;
1147;1;;;;;
1148;17;;;;;
1149;17;;;;;
1150;4;;;;;
1151;6;;;;;
1152;2;;;;;
1153;15;;;;;
1154;14;;;;;
1155;6;;;;;
1156;12;;;;;
1157;26;;;;;
1158;5;;;;;
1159;27;;;;;
1160;1;;;;;
1161;12;;;;;
1162;4;;;;;
1163;6;;;;;
1164;8;;;;;
1165;9;;;;;
1166;10;;;;;
1167;21;;;;;
1168;1;;;;;
1169;1;;;;;
1170;31;;;;;
1171;13;;;;;
1172;9;;;;;
1173;14;;;;;
1174;1;;;;;
1175;3;;;;;
1176;19;;;;;
1177;2;;;;;
1178;2;;;;;
1179;1;;;;;
1180;2;;;;;
1181;7;;;;;
1182;122;;;;;
1183;6;;;;;
1184;15;;;;;
1185;3;;;;;
1186;8;;;;;
1187;8;;;;;
1188;9;;;;;
1189;11;;;;;
1190;16;;;;;
1191;5;;;;;
1192;2;;;;;
1193;19;;;;;
1194;7;;;;;
1195;6;;;;;
1196;10;;;;;
1197;112;;;;;
1198;19;;;;;
1199;11;;;;;
1200;1;;;;;
1201;4;;;;;
1202;1;;;;;
1203;4;;;;;
1204;12;;;;;
1205;7;;;;;
1206;10;;;;;
1207;2;;;;;
1208;2;;;;;
1209;5;;;;;
1210;33;;;;;
1211;179;;;;;
1212;66;;;;;
1213;6;;;;;
1214;21;;;;;
1215;1;;;;;
1216;9;;;;;
1217;1;;;;;
1218;15;;;;;
1219;153;;;;;
1220;1;;;;;
1221;2;;;;;
1222;17;;;;;
1223;13;;;;;
1224;14;;;;;
1225;11;;;;;
1226;46;;;;;
1227;1;;;;;
1228;16;;;;;
1229;10;;;;;
1230;2;;;;;
1231;13;;;;;
1232;3;;;;;
1233;5;;;;;
1234;10;;;;;
1235;1;;;;;
1236;11;;;;;
1237;9;;;;;
1238;1;;;;;
1239;35;;;;;
1240;1;;;;;
1241;3;;;;;
1242;15;;;;;
1243;14;;;;;
1244;1;;;;;
1245;2;;;;;
1246;4;;;;;
1247;16;;;;;
1248;7;;;;;
1249;11;;;;;
1250;26;;;;;
1251;4;;;;;
1252;2;;;;;
1253;10;;;;;
1254;9;;;;;
1255;22;;;;;
1256;1;;;;;
1257;19;;;;;
1258;15;;;;;
1259;2;;;;;
1260;38;;;;;
1261;4;;;;;
1262;386;;;;;
1263;53;;;;;
1264;3;;;;;
1265;10;;;;;
1266;2;;;;;
1267;14;;;;;
1268;15;;;;;
1269;11;;;;;
1270;29;;;;;
1271;14;;;;;
1272;28;;;;;
1273;171;;;;;
1274;9;;;;;
1275;17;;;;;
1276;23;;;;;
1277;175;;;;;
1278;1524;;;;;
1279;11;;;;;
1280;5;;;;;
1281;41;;;;;
1282;5;;;;;
1283;2;;;;;
1284;1062;;;;;
1285;10;;;;;
1286;2;;;;;
1287;2;;;;;
1288;16;;;;;
1289;2;;;;;
1290;3;;;;;
1291;5;;;;;
1292;1;;;;;
1293;12;;;;;
1294;2;;;;;
1295;24;;;;;
1296;18;;;;;
1297;20;;;;;
1298;1;;;;;
1299;264;;;;;
1300;16;;;;;
1301;299;;;;;
1302;7;;;;;
1303;15;;;;;
1304;16;;;;;
1305;9;;;;;
1306;26;;;;;
1307;2;;;;;
1308;6;;;;;
1309;7;;;;;
1310;3;;;;;
1311;44;;;;;
1312;8;;;;;
1313;22;;;;;
1314;6;;;;;
1315;6;;;;;
1316;47;;;;;
1317;7;;;;;
1318;9;;;;;
1319;8;;;;;
1320;59;;;;;
1321;13;;;;;
1322;3;;;;;
1323;17;;;;;
1324;16;;;;;
1325;1;;;;;
1326;22;;;;;
1327;4;;;;;
1328;16;;;;;
1329;1;;;;;
1330;4;;;;;
1331;3;;;;;
1332;4;;;;;
1333;1;;;;;
1334;5;;;;;
1335;168;;;;;
1336;10;;;;;
1337;10;;;;;
1338;5;;;;;
1339;6;;;;;
1340;14;;;;;
1341;4;;;;;
1342;1;;;;;
1343;2;;;;;
1344;8;;;;;
1345;8;;;;;
1346;40;;;;;
1347;9;;;;;
1348;7;;;;;
1349;4;;;;;
1350;1;;;;;
1351;9;;;;;
1352;20;;;;;
1353;1;;;;;
1354;8;;;;;
1355;155;;;;;
1356;8;;;;;
1357;17;;;;;
1358;5;;;;;
1359;2;;;;;
1360;12;;;;;
1361;3;;;;;
1362;32;;;;;
1363;12;;;;;
1364;12;;;;;
1365;154;;;;;
1366;117;;;;;
1367;20;;;;;
1368;0;;;;;
1369;4;;;;;
1370;1;;;;;
1371;9;;;;;
1372;14;;;;;
1373;21;;;;;
1374;2;;;;;
1375;2;;;;;
1376;0;;;;;
1377;32;;;;;
1378;9;;;;;
1379;6;;;;;
1380;1;;;;;
1381;3;;;;;
1382;15;;;;;
1383;4;;;;;
1384;22;;;;;
1385;38;;;;;
1386;14;;;;;
1387;41;;;;;
1388;3;;;;;
1389;2;;;;;
1390;7;;;;;
1391;6;;;;;
1392;6;;;;;
1393;1;;;;;
1394;0;;;;;
1395;1;;;;;
1396;4;;;;;
1397;4;;;;;
1398;2;;;;;
1399;2;;;;;
1400;1;;;;;
1401;2;;;;;
1402;1;;;;;
1403;1;;;;;
1404;8;;;;;
1405;5;;;;;
1406;3;;;;;
1407;5;;;;;
1408;1;;;;;
1409;19;;;;;
1410;54;;;;;
1411;65;;;;;
1412;72;;;;;
1413;8;;;;;
1414;8;;;;;
1415;9;;;;;
1416;24;;;;;
1417;12;;;;;
1418;2;;;;;
1419;1;;;;;
1420;2;;;;;
1421;18;;;;;
1422;1;;;;;
1423;3;;;;;
1424;1;;;;;
1425;1;;;;;
1426;46;;;;;
1427;2;;;;;
1428;7;;;;;
1429;4;;;;;
1430;9;;;;;
1431;12;;;;;
1432;1;;;;;
1433;1;;;;;
1434;13;;;;;
1435;3;;;;;
1436;10;;;;;
1437;24;;;;;
1438;2;;;;;
1439;13;;;;;
1440;2;;;;;
1441;4;;;;;
1442;1;;;;;
1443;2;;;;;
1444;19;;;;;
1445;2;;;;;
1446;76;;;;;
1447;2;;;;;
1448;15;;;;;
1449;3;;;;;
1450;2;;;;;
1451;3;;;;;
1452;2;;;;;
1453;3;;;;;
1454;3;;;;;
1455;0;;;;;
1456;4;;;;;
1457;17;;;;;
1458;83;;;;;
1459;1;;;;;
1460;2;;;;;
1461;86;;;;;
1462;199;;;;;
1463;1;;;;;
1464;2;;;;;
1465;4;;;;;
1466;3;;;;;
1467;3;;;;;
1468;12;;;;;
1469;3;;;;;
1470;3;;;;;
1471;3;;;;;
1472;21;;;;;
1473;6;;;;;
1474;1;;;;;
1475;1;;;;;
1476;8;;;;;
1477;10;;;;;
1478;2;;;;;
1479;36;;;;;
1480;86;;;;;
1481;2;;;;;
1482;4;;;;;
1483;1;;;;;
1484;3;;;;;
1485;5;;;;;
1486;16;;;;;
1487;10;;;;;
1488;14;;;;;
1489;13;;;;;
1490;2;;;;;
1491;6;;;;;
1492;55;;;;;
1493;8;;;;;
1494;3;;;;;
1495;1;;;;;
1496;7;;;;;
1497;12;;;;;
1498;5;;;;;
1499;7;;;;;
1500;2;;;;;
1501;5;;;;;
1502;5;;;;;
1503;10;;;;;
1504;17;;;;;
1505;1;;;;;
1506;14;;;;;
1507;38;;;;;
1508;5;;;;;
1509;6;;;;;
1510;8;;;;;
1511;11;;;;;
1512;20;;;;;
1513;1;;;;;
1514;1;;;;;
1515;12;;;;;
1516;2;;;;;
1517;7;;;;;
1518;25;;;;;
1519;1;;;;;
1520;1;;;;;
1521;5;;;;;
1522;4;;;;;
1523;7;;;;;
1524;9;;;;;
1525;2;;;;;
1526;1;;;;;
1527;8;;;;;
1528;21;;;;;
1529;5;;;;;
1530;3;;;;;
1531;1;;;;;
1532;1;;;;;
1533;3;;;;;
1534;5;;;;;
1535;9;;;;;
1536;12;;;;;
1537;11;;;;;
1538;4;;;;;
1539;2;;;;;
1540;9;;;;;
1541;1;;;;;
1542;3;;;;;
1543;4;;;;;
1544;37;;;;;
1545;4;;;;;
1546;9;;;;;
1547;4;;;;;
1548;4;;;;;
1549;21;;;;;
1550;3;;;;;
1551;22;;;;;
1552;12;;;;;
1553;3;;;;;
1554;4;;;;;
1555;10;;;;;
1556;3;;;;;
1557;4;;;;;
1558;11;;;;;
1559;1;;;;;
1560;13;;;;;
1561;1;;;;;
1562;3;;;;;
1563;4;;;;;
1564;30;;;;;
1565;1;;;;;
1566;2;;;;;
1567;11;;;;;
1568;17;;;;;
1569;8;;;;;
1570;6;;;;;
1571;3;;;;;
1572;1;;;;;
1573;1;;;;;
1574;14;;;;;
1575;15;;;;;
1576;5;;;;;
1577;7;;;;;
1578;9;;;;;
1579;32;;;;;
1580;15;;;;;
1581;15;;;;;
1582;15;;;;;
1583;2;;;;;
1584;13;;;;;
1585;8;;;;;
1586;6;;;;;
1587;4;;;;;
1588;6;;;;;
1589;1;;;;;
1590;1;;;;;
1591;9;;;;;
1592;2;;;;;
1593;4;;;;;
1594;1;;;;;
1595;2;;;;;
1596;2;;;;;
1597;8;;;;;
1598;12;;;;;
1599;1;;;;;
1600;17;;;;;
1601;25;;;;;
1602;13;;;;;
1603;10;;;;;
1604;4;;;;;
1605;18;;;;;
1606;2;;;;;
1607;10;;;;;
1608;3;;;;;
1609;3;;;;;
1610;3;;;;;
1611;4;;;;;
1612;16;;;;;
1613;5;;;;;
1614;3;;;;;
1615;1;;;;;
1616;16;;;;;
1617;37;;;;;
1618;65;;;;;
1619;3;;;;;
1620;3;;;;;
1621;7;;;;;
1622;21;;;;;
1623;2;;;;;
1624;2;;;;;
1625;20;;;;;
1626;8;;;;;
1627;1;;;;;
1628;6;;;;;
1629;6;;;;;
1630;2;;;;;
1631;13;;;;;
1632;21;;;;;
1633;1;;;;;
1634;1;;;;;
1635;3;;;;;
1636;4;;;;;
1637;3;;;;;
1638;1;;;;;
1639;38;;;;;
1640;17;;;;;
1641;2;;;;;
1642;3;;;;;
1643;1;;;;;
1644;1;;;;;
1645;3;;;;;
1646;1;;;;;
1647;3;;;;;
1648;1;;;;;
1649;1;;;;;
1650;5;;;;;
1651;4;;;;;
1652;6;;;;;
1653;13;;;;;
1654;3;;;;;
1655;3;;;;;
1656;1;;;;;
1657;2;;;;;
1658;4;;;;;
1659;25;;;;;
1660;4;;;;;
1661;1;;;;;
1662;19;;;;;
1663;7;;;;;
1664;8;;;;;
1665;2;;;;;
1666;9;;;;;
1667;8;;;;;
1668;14;;;;;
1669;5;;;;;
1670;1;;;;;
1671;9;;;;;
1672;10;;;;;
1673;20;;;;;
1674;20;;;;;
1675;13;;;;;
1676;8;;;;;
1677;53;;;;;
1678;81;;;;;
1679;2;;;;;
1680;38;;;;;
1681;4;;;;;
1682;1;;;;;
1683;18;;;;;
1684;188;;;;;
1685;2;;;;;
1686;5;;;;;
1687;28;;;;;
1688;43;;;;;
1689;25;;;;;
1690;26;;;;;
1691;72;;;;;
1692;6;;;;;
1693;1;;;;;
1694;1;;;;;
1695;14;;;;;
1696;35;;;;;
1697;12;;;;;
1698;985;;;;;
1699;13;;;;;
1700;8;;;;;
1701;107;;;;;
1702;20;;;;;
1703;6;;;;;
1704;8;;;;;
1705;3;;;;;
1706;6;;;;;
1707;2;;;;;
1708;13;;;;;
1709;10;;;;;
1710;53;;;;;
1711;9;;;;;
1712;145;;;;;
1713;31;;;;;
1714;23;;;;;
1715;5;;;;;
1716;5;;;;;
1717;8;;;;;
1718;104;;;;;
1719;122;;;;;
1720;48;;;;;
1721;8;;;;;
1722;18;;;;;
1723;122;;;;;
1724;5;;;;;
1725;16;;;;;
1726;30;;;;;
1727;1;;;;;
1728;2;;;;;
1729;87;;;;;
1730;20;;;;;
1731;10;;;;;
1732;4;;;;;
1733;13;;;;;
1734;11;;;;;
1735;16;;;;;
1736;4;;;;;
1737;5;;;;;
1738;1;;;;;
1739;9;;;;;
1740;7;;;;;
1741;14;;;;;
1742;12;;;;;
1743;13;;;;;
1744;3;;;;;
1745;16;;;;;
1746;40;;;;;
1747;2;;;;;
1748;10;;;;;
1749;297;;;;;
1750;6;;;;;
1751;1;;;;;
1752;1;;;;;
1753;27;;;;;
1754;9;;;;;
1755;102;;;;;
1756;9;;;;;
1757;41;;;;;
1758;6;;;;;
1759;11;;;;;
1760;11;;;;;
1761;12;;;;;
1762;8;;;;;
1763;2;;;;;
1764;9;;;;;
1765;28;;;;;
1766;26;;;;;
1767;1;;;;;
1768;20;;;;;
1769;126;;;;;
1770;17;;;;;
1771;36;;;;;
1772;1;;;;;
1773;48;;;;;
1774;19;;;;;
1775;3;;;;;
1776;11;;;;;
1777;34;;;;;
1778;36;;;;;
1779;16;;;;;
1780;4;;;;;
1781;3;;;;;
1782;11;;;;;
1783;32;;;;;
1784;7;;;;;
1785;11;;;;;
1786;8;;;;;
1787;30;;;;;
1788;24;;;;;
1789;95;;;;;
1790;79;;;;;
1791;513;;;;;
1792;12;;;;;
1793;13;;;;;
1794;1;;;;;
1795;78;;;;;
1796;60;;;;;
1797;39;;;;;
1798;20;;;;;
1799;8;;;;;
1800;55;;;;;
1801;11;;;;;
1802;34;;;;;
1803;0;;;;;
1804;30;;;;;
1805;2;;;;;
1806;5;;;;;
1807;4;;;;;
1808;7;;;;;
1809;2;;;;;
1810;11;;;;;
1811;3;;;;;
1812;26;;;;;
1813;3;;;;;
1814;37;;;;;
1815;8;;;;;
1816;457;;;;;
1817;2;;;;;
1818;4;;;;;
1819;3;;;;;
1820;8;;;;;
1821;21;;;;;
1822;3;;;;;
1823;9;;;;;
1824;39;;;;;
1825;85;;;;;
1826;172;;;;;
1827;2;;;;;
1828;26;;;;;
1829;7;;;;;
1830;8;;;;;
1831;4;;;;;
1832;17;;;;;
1833;2;;;;;
1834;18;;;;;
1835;23;;;;;
1836;10;;;;;
1837;2;;;;;
1838;42;;;;;
1839;17;;;;;
1840;9;;;;;
1841;17;;;;;
1842;12;;;;;
1843;13;;;;;
1844;2;;;;;
1845;9;;;;;
1846;2;;;;;
1847;6;;;;;
1848;7;;;;;
1849;95;;;;;
1850;782;;;;;
1851;5;;;;;
1852;24;;;;;
1853;6;;;;;
1854;29;;;;;
1855;17;;;;;
1856;35;;;;;
1857;49;;;;;
1858;17;;;;;
1859;8;;;;;
1860;12;;;;;
1861;2;;;;;
1862;74;;;;;
1863;3;;;;;
1864;3;;;;;
1865;5;;;;;
1866;6;;;;;
1867;3;;;;;
1868;17;;;;;
1869;4;;;;;
1870;2;;;;;
1871;9;;;;;
1872;4;;;;;
1873;6;;;;;
1874;8;;;;;
1875;13;;;;;
1876;40;;;;;
1877;4;;;;;
1878;14;;;;;
1879;4;;;;;
1880;1;;;;;
1881;2;;;;;
1882;2;;;;;
1883;1;;;;;
1884;126;;;;;
1885;2;;;;;
1886;1;;;;;
1887;4;;;;;
1888;25;;;;;
1889;3;;;;;
1890;18;;;;;
1891;5;;;;;
1892;2;;;;;
1893;1;;;;;
1894;5;;;;;
1895;49;;;;;
1896;13;;;;;
1897;3;;;;;
1898;5;;;;;
1899;44;;;;;
1900;9;;;;;
1901;7;;;;;
1902;2;;;;;
1903;11;;;;;
1904;8;;;;;
1905;8;;;;;
1906;49;;;;;
1907;1;;;;;
1908;20;;;;;
1909;1;;;;;
1910;1;;;;;
1911;17;;;;;
1912;1;;;;;
1913;3;;;;;
1914;11;;;;;
1915;3;;;;;
1916;3;;;;;
1917;7;;;;;
1918;3;;;;;
1919;1;;;;;
1920;8;;;;;
1921;8;;;;;
1922;3;;;;;
1923;15;;;;;
1924;4;;;;;
1925;3;;;;;
1926;8;;;;;
1927;3;;;;;
1928;1;;;;;
1929;12;;;;;
1930;16;;;;;
1931;46;;;;;
1932;2;;;;;
1933;1;;;;;
1934;2;;;;;
1935;11;;;;;
1936;56;;;;;
1937;2;;;;;
1938;20;;;;;
1939;27;;;;;
1940;5;;;;;
1941;2;;;;;
1942;9;;;;;
1943;3;;;;;
1944;11;;;;;
1945;2;;;;;
1946;2;;;;;
1947;6;;;;;
1948;8;;;;;
1949;8;;;;;
1950;5;;;;;
1951;9;;;;;
1952;15;;;;;
1953;28;;;;;
1954;8;;;;;
1955;1;;;;;
1956;27;;;;;
1957;49;;;;;
1958;71;;;;;
1959;3;;;;;
1960;7;;;;;
1961;12;;;;;
1962;16;;;;;
1963;4;;;;;
1964;7;;;;;
1965;5;;;;;
1966;12;;;;;
1967;5;;;;;
1968;1;;;;;
1969;4;;;;;
1970;12;;;;;
1971;6;;;;;
1972;5;;;;;
1973;2;;;;;
1974;7;;;;;
1975;6;;;;;
1976;8;;;;;
1977;3;;;;;
1978;7;;;;;
1979;4;;;;;
1980;5;;;;;
1981;19;;;;;
1982;4;;;;;
1983;12;;;;;
1984;2;;;;;
1985;63;;;;;
1986;4;;;;;
1987;6;;;;;
1988;5;;;;;
1989;3;;;;;
1990;1;;;;;
1991;4;;;;;
1992;4;;;;;
1993;10;;;;;
1994;1;;;;;
1995;1;;;;;
1996;9;;;;;
1997;37;;;;;
1998;7;;;;;
1999;7;;;;;
2000;1;;;;;
2001;14;;;;;
2002;1;;;;;
2003;9;;;;;
2004;10;;;;;
2005;6;;;;;
2006;5;;;;;
2007;22;;;;;
2008;16;;;;;
2009;15;;;;;
2010;27;;;;;
2011;5;;;;;
2012;12;;;;;
2013;10;;;;;
2014;4;;;;;
2015;2;;;;;
2016;2;;;;;
2017;6;;;;;
2018;17;;;;;
2019;1;;;;;
2020;11;;;;;
2021;5;;;;;
2022;14;;;;;
2023;32;;;;;
2024;4;;;;;
2025;1;;;;;
2026;3;;;;;
2027;4;;;;;
2028;11;;;;;
2029;1;;;;;
2030;4;;;;;
2031;4;;;;;
2032;12;;;;;
2033;1;;;;;
2034;10;;;;;
2035;6;;;;;
2036;3;;;;;
2037;16;;;;;
2038;3;;;;;
2039;16;;;;;
2040;15;;;;;
2041;22;;;;;
2042;190;;;;;
2043;8;;;;;
2044;1;;;;;
2045;8;;;;;
2046;1;;;;;
2047;21;;;;;
2048;5;;;;;
2049;1;;;;;
2050;13;;;;;
2051;1;;;;;
2052;4;;;;;
2053;1;;;;;
2054;5;;;;;
2055;2;;;;;
2056;3;;;;;
2057;1;;;;;
2058;7;;;;;
2059;1;;;;;
2060;2;;;;;
2061;1;;;;;
2062;2;;;;;
2063;2;;;;;
2064;3;;;;;
2065;1;;;;;
2066;28;;;;;
2067;1;;;;;
2068;1;;;;;
2069;9;;;;;
2070;2;;;;;
2071;7;;;;;
2072;5;;;;;
2073;21;;;;;
2074;117;;;;;
2075;1;;;;;
2076;3;;;;;
2077;5;;;;;
2078;6;;;;;
2079;1;;;;;
2080;8;;;;;
2081;1;;;;;
2082;27;;;;;
2083;33;;;;;
2084;36;;;;;
2085;7;;;;;
2086;15;;;;;
2087;11;;;;;
2088;181;;;;;
2089;4;;;;;
2090;6;;;;;
2091;15;;;;;
2092;17;;;;;
2093;50;;;;;
2094;2;;;;;
2095;8;;;;;
2096;21;;;;;
2097;14;;;;;
2098;3;;;;;
2099;14;;;;;
2100;12;;;;;
2101;5;;;;;
2102;2;;;;;
2103;1;;;;;
2104;1;;;;;
2105;6;;;;;
2106;19;;;;;
2107;6;;;;;
2108;3;;;;;
2109;12;;;;;
2110;6;;;;;
2111;89;;;;;
2112;70;;;;;
2113;3;;;;;
2114;0;;;;;
2115;4;;;;;
2116;4;;;;;
2117;3;;;;;
2118;7;;;;;
2119;2;;;;;
2120;4;;;;;
2121;0;;;;;
2122;5;;;;;
2123;12;;;;;
2124;1;;;;;
2125;18;;;;;
2126;7;;;;;
2127;8;;;;;
2128;3;;;;;
2129;12;;;;;
2130;4;;;;;
2131;1;;;;;
2132;5;;;;;
2133;21;;;;;
2134;1;;;;;
2135;2;;;;;
2136;197;;;;;
2137;35;;;;;
2138;421;;;;;
2139;22;;;;;
2140;178;;;;;
2141;414;;;;;
2142;20;;;;;
2143;5;;;;;
2144;3;;;;;
2145;1;;;;;
2146;6;;;;;
2147;2;;;;;
2148;6;;;;;
2149;29;;;;;
2150;7;;;;;
2151;5;;;;;
2152;9;;;;;
2153;194;;;;;
2154;12;;;;;
2155;8;;;;;
2156;5;;;;;
2157;3;;;;;
2158;30;;;;;
2159;1;;;;;
2160;6;;;;;
2161;275;;;;;
2162;18;;;;;
2163;7;;;;;
2164;3;;;;;
2165;3;;;;;
2166;65;;;;;
2167;12;;;;;
2168;15;;;;;
2169;4;;;;;
2170;4;;;;;
2171;40;;;;;
2172;54;;;;;
2173;5;;;;;
2174;3;;;;;
2175;4;;;;;
2176;89;;;;;
2177;200;;;;;
2178;4;;;;;
2179;9;;;;;
2180;18;;;;;
2181;1;;;;;
2182;9;;;;;
2183;264;;;;;
2184;84;;;;;
2185;1;;;;;
2186;2;;;;;
2187;10;;;;;
2188;5;;;;;
2189;6;;;;;
2190;191;;;;;
2191;1;;;;;
2192;4;;;;;
2193;1;;;;;
2194;15;;;;;
2195;12;;;;;
2196;2;;;;;
2197;8;;;;;
2198;1;;;;;
2199;2;;;;;
2200;9;;;;;
2201;9;;;;;
2202;12;;;;;
2203;1;;;;;
2204;139;;;;;
2205;15;;;;;
2206;4;;;;;
2207;2;;;;;
2208;2;;;;;
2209;91;;;;;
2210;11;;;;;
2211;11;;;;;
2212;2;;;;;
2213;1;;;;;
2214;4;;;;;
2215;17;;;;;
2216;3;;;;;
2217;3;;;;;
2218;16;;;;;
2219;3;;;;;
2220;25;;;;;
2221;1;;;;;
2222;7;;;;;
2223;2;;;;;
2224;6;;;;;
2225;3;;;;;
2226;7;;;;;
2227;6;;;;;
2228;27;;;;;
2229;101;;;;;
2230;5;;;;;
2231;12;;;;;
2232;5;;;;;
2233;7;;;;;
2234;0;;;;;
2235;13;;;;;
2236;16;;;;;
2237;3;;;;;
2238;21;;;;;
2239;26;;;;;
2240;25;;;;;
2241;0;;;;;
2242;9;;;;;
2243;4;;;;;
2244;1;;;;;
2245;915;;;;;
2246;951;;;;;
2247;521;;;;;
2248;207;;;;;
2249;453;;;;;
2250;11;;;;;
2251;26;;;;;
2252;21;;;;;
2253;3;;;;;
2254;11;;;;;
2255;6;;;;;
2256;28;;;;;
2257;38;;;;;
2258;28;;;;;
2259;25;;;;;
2260;24;;;;;
2261;20;;;;;
2262;1;;;;;
2263;58;;;;;
2264;11;;;;;
2265;9;;;;;
2266;0;;;;;
2267;7;;;;;
2268;53;;;;;
2269;2;;;;;
2270;7;;;;;
2271;1;;;;;
2272;1;;;;;
2273;72;;;;;
2274;3;;;;;
2275;25;;;;;
2276;4;;;;;
2277;1;;;;;
2278;0;;;;;
2279;0;;;;;
2280;1;;;;;
2281;4;;;;;
2282;9;;;;;
2283;8;;;;;
2284;5;;;;;
2285;9;;;;;
2286;58;;;;;
2287;39;;;;;
2288;22;;;;;
2289;19;;;;;
2290;30;;;;;
2291;54;;;;;
2292;5;;;;;
2293;1;;;;;
2294;43;;;;;
2295;9;;;;;
2296;3;;;;;
2297;9;;;;;
2298;12;;;;;
2299;6;;;;;
2300;6;;;;;
2301;2;;;;;
2302;3;;;;;
2303;14;;;;;
2304;1;;;;;
2305;5;;;;;
2306;8;;;;;
2307;35;;;;;
2308;3;;;;;
2309;3;;;;;
2310;6;;;;;
2311;3;;;;;
2312;6;;;;;
2313;1;;;;;
2314;9;;;;;
2315;1;;;;;
2316;6;;;;;
2317;13;;;;;
2318;3;;;;;
2319;16;;;;;
2320;13;;;;;
2321;29;;;;;
2322;6;;;;;
2323;1;;;;;
2324;3;;;;;
2325;11;;;;;
2326;8;;;;;
2327;1;;;;;
2328;9;;;;;
2329;308;;;;;
2330;4;;;;;
2331;2;;;;;
2332;2;;;;;
2333;7;;;;;
2334;2;;;;;
2335;2;;;;;
2336;15;;;;;
2337;17;;;;;
2338;17;;;;;
2339;5;;;;;
2340;49;;;;;
2341;1;;;;;
2342;10;;;;;
2343;3;;;;;
2344;14;;;;;
2345;13;;;;;
2346;10;;;;;
2347;20;;;;;
2348;4;;;;;
2349;5;;;;;
2350;8;;;;;
2351;4;;;;;
2352;1;;;;;
2353;10;;;;;
2354;4;;;;;
2355;6;;;;;
2356;16;;;;;
2357;7;;;;;
2358;3;;;;;
2359;6;;;;;
2360;3;;;;;
2361;8;;;;;
2362;21;;;;;
2363;31;;;;;
2364;3;;;;;
2365;5;;;;;
2366;6;;;;;
2367;9;;;;;
2368;2;;;;;
2369;2;;;;;
2370;18;;;;;
2371;26;;;;;
2372;8;;;;;
2373;2;;;;;
2374;8;;;;;
2375;26;;;;;
2376;81;;;;;
2377;46;;;;;
2378;49;;;;;
2379;13;;;;;
2380;349;;;;;
2381;65;;;;;
2382;2;;;;;
2383;30;;;;;
2384;15;;;;;
2385;118;;;;;
2386;16;;;;;
2387;17;;;;;
2388;150;;;;;
2389;1;;;;;
2390;24;;;;;
2391;36;;;;;
2392;74;;;;;
2393;135;;;;;
2394;22;;;;;
2395;7;;;;;
2396;98;;;;;
2397;151;;;;;
2398;47;;;;;
2399;81;;;;;
2400;23;;;;;
2401;20;;;;;
2402;16;;;;;
2403;1;;;;;
2404;12;;;;;
2405;111;;;;;
2406;30;;;;;
2407;7;;;;;
2408;12;;;;;
2409;46;;;;;
2410;4;;;;;
2411;23;;;;;
2412;8;;;;;
2413;2;;;;;
2414;4;;;;;
2415;3;;;;;
2416;7;;;;;
2417;1;;;;;
2418;12;;;;;
2419;2;;;;;
2420;12;;;;;
2421;2;;;;;
2422;12;;;;;
2423;16;;;;;
2424;18;;;;;
2425;6;;;;;
2426;6;;;;;
2427;1;;;;;
2428;16;;;;;
2429;2;;;;;
2430;16;;;;;
2431;0;;;;;
2432;6;;;;;
2433;14;;;;;
2434;20;;;;;
2435;6;;;;;
2436;37;;;;;
2437;6;;;;;
2438;24;;;;;
2439;10;;;;;
2440;9;;;;;
2441;8;;;;;
2442;1;;;;;
2443;16;;;;;
2444;35;;;;;
2445;2;;;;;
2446;8;;;;;
2447;7;;;;;
2448;5;;;;;
2449;27;;;;;
2450;72;;;;;
2451;98;;;;;
2452;24;;;;;
2453;28;;;;;
2454;82;;;;;
2455;28;;;;;
2456;37;;;;;
2457;24;;;;;
2458;13;;;;;
2459;38;;;;;
2460;14;;;;;
2461;11;;;;;
2462;6;;;;;
2463;19;;;;;
2464;30;;;;;
2465;18;;;;;
2466;28;;;;;
2467;9;;;;;
2468;5;;;;;
2469;2;;;;;
2470;11;;;;;
2471;20;;;;;
2472;19;;;;;
2473;9;;;;;
2474;2;;;;;
2475;4;;;;;
2476;12;;;;;
2477;7;;;;;
2478;32;;;;;
2479;18;;;;;
2480;15;;;;;
2481;5;;;;;
2482;11;;;;;
2483;17;;;;;
2484;33;;;;;
2485;9;;;;;
2486;1;;;;;
2487;9;;;;;
2488;21;;;;;
2489;2;;;;;
2490;3;;;;;
2491;14;;;;;
2492;31;;;;;
2493;13;;;;;
2494;12;;;;;
2495;22;;;;;
2496;137;;;;;
2497;70;;;;;
2498;12;;;;;
2499;175;;;;;
2500;35;;;;;
2501;9;;;;;
2502;10;;;;;
2503;3;;;;;
2504;4;;;;;
2505;6;;;;;
2506;13;;;;;
2507;2;;;;;
2508;34;;;;;
2509;7;;;;;
2510;15;;;;;
2511;4;;;;;
2512;4;;;;;
2513;5;;;;;
2514;2;;;;;
2515;13;;;;;
2516;86;;;;;
2517;3;;;;;
2518;53;;;;;
2519;17;;;;;
2520;3;;;;;
2521;21;;;;;
2522;22;;;;;
2523;3;;;;;
2524;47;;;;;
2525;27;;;;;
2526;21;;;;;
2527;2;;;;;
2528;37;;;;;
2529;12;;;;;
2530;4;;;;;
2531;14;;;;;
2532;27;;;;;
2533;7;;;;;
2534;27;;;;;
2535;9;;;;;
2536;9;;;;;
2537;40;;;;;
2538;13;;;;;
2539;27;;;;;
2540;12;;;;;
2541;15;;;;;
2542;6;;;;;
2543;17;;;;;
2544;3;;;;;
2545;2;;;;;
2546;29;;;;;
2547;5;;;;;
2548;27;;;;;
2549;5;;;;;
2550;21;;;;;
2551;1;;;;;
2552;30;;;;;
2553;2;;;;;
2554;22;;;;;
2555;7;;;;;
2556;12;;;;;
2557;6;;;;;
2558;1;;;;;
2559;2;;;;;
2560;21;;;;;
2561;13;;;;;
2562;4;;;;;
2563;1;;;;;
2564;14;;;;;
2565;4;;;;;
2566;1;;;;;
2567;14;;;;;
2568;19;;;;;
2569;33;;;;;
2570;3;;;;;
2571;1320;;;;;
2572;592;;;;;
2573;190;;;;;
2574;159;;;;;
2575;0;;;;;
2576;0;;;;;
2577;0;;;;;
2578;843;;;;;
2579;257;;;;;
2580;0;;;;;
2581;0;;;;;
2582;0;;;;;
2583;703;;;;;
2584;0;;;;;
2585;41;;;;;
2586;253;;;;;
2587;286;;;;;
2588;68;;;;;
2589;60;;;;;
2590;0;;;;;
2591;61;;;;;
2592;120;;;;;
2593;386;;;;;
2594;44;;;;;
2595;467;;;;;
2596;0;;;;;
2597;45;;;;;
2598;524;;;;;
2599;92;;;;;
2600;542;;;;;
2601;0;;;;;
2602;0;;;;;
2603;286;;;;;
2604;239;;;;;
2605;634;;;;;
2606;3162;;;;;
2607;1873;;;;;
2608;57;;;;;
2609;1601;;;;;
2610;0;;;;;
2611;704;;;;;
2612;1664;;;;;
2613;909;;;;;
2614;1179;;;;;
2615;339;;;;;
2616;359;;;;;
2617;756;;;;;
2618;400;;;;;
2619;0;;;;;
2620;0;;;;;
2621;22;;;;;
2622;193;;;;;
2623;10;;;;;
2624;203;;;;;
2625;1572;;;;;
2626;848;;;;;
2627;1292;;;;;
2628;0;;;;;
2629;0;;;;;
2630;185;;;;;
2631;0;;;;;
2632;77;;;;;
2633;119;;;;;
2634;0;;;;;
2635;0;;;;;
2636;178;;;;;
2637;0;;;;;
2638;0;;;;;
2639;13;;;;;
2640;41;;;;;
2641;0;;;;;
2642;0;;;;;
2643;26;;;;;
2644;57;;;;;
2645;0;;;;;
2646;0;;;;;
2647;959;;;;;
2648;89;;;;;
2649;0;;;;;
2650;40;;;;;
2651;0;;;;;
2652;0;;;;;
2653;0;;;;;
2654;119;;;;;
2655;614;;;;;
2656;0;;;;;
2657;14;;;;;
2658;30;;;;;
2659;137;;;;;
2660;172;;;;;
2661;0;;;;;
2662;235;;;;;
2663;301;;;;;
2664;1695;;;;;
2665;522;;;;;
2666;133;;;;;
2667;466;;;;;
2668;0;;;;;
2669;0;;;;;
2670;0;;;;;
2671;0;;;;;
2672;0;;;;;
2673;0;;;;;
2674;260;;;;;
2675;230;;;;;
2676;122;;;;;
2677;0;;;;;
2678;199;;;;;
2679;21;;;;;
2680;802;;;;;
2681;0;;;;;
2682;0;;;;;
2683;0;;;;;
2684;0;;;;;
2685;448;;;;;
2686;0;;;;;
2687;0;;;;;
2688;0;;;;;
2689;0;;;;;
2690;0;;;;;
2691;475;;;;;
2692;475;;;;;
2693;331;;;;;
2694;70;;;;;
2695;23;;;;;
2696;2;;;;;
2697;61;;;;;
2698;54;;;;;
2699;55;;;;;
2700;37;;;;;
2701;350;;;;;
2702;352;;;;;
2703;17;;;;;
2704;17;;;;;
2705;57;;;;;
2706;2;;;;;
2707;35;;;;;
2708;14;;;;;
2709;8;;;;;
2710;18;;;;;
2711;144;;;;;
2712;21;;;;;
2713;97;;;;;
2714;88;;;;;
2715;6;;;;;
2716;5;;;;;
2717;83;;;;;
2718;4;;;;;
2719;81;;;;;
2720;56;;;;;
2721;72;;;;;
2722;35;;;;;
2723;102;;;;;
2724;13;;;;;
2725;108;;;;;
2726;47;;;;;
2727;3;;;;;
2728;20;;;;;
2729;2;;;;;
2730;4;;;;;
2731;3;;;;;
2732;21;;;;;
2733;19;;;;;
2734;12;;;;;
2735;20;;;;;
2736;9;;;;;
2737;7;;;;;
2738;7;;;;;
2739;13;;;;;
2740;101;;;;;
2741;234;;;;;
2742;233;;;;;
2743;113;;;;;
2744;13;;;;;
2745;2;;;;;
2746;8;;;;;
2747;11;;;;;
2748;6;;;;;
2749;6;;;;;
2750;2;;;;;
2751;111;;;;;
2752;97;;;;;
2753;78;;;;;
2754;74;;;;;
2755;3;;;;;
2756;23;;;;;
2757;63;;;;;
2758;138;;;;;
2759;35;;;;;
2760;31;;;;;
2761;60;;;;;
2762;142;;;;;
2763;20;;;;;
2764;2;;;;;
2765;26;;;;;
2766;16;;;;;
2767;33;;;;;
2768;46;;;;;
2769;12;;;;;
2770;1;;;;;
2771;29;;;;;
2772;7;;;;;
2773;2;;;;;
2774;384;;;;;
2775;103;;;;;
2776;22;;;;;
2777;279;;;;;
2778;14;;;;;
2779;229;;;;;
2780;68;;;;;
2781;5;;;;;
2782;10;;;;;
2783;8;;;;;
2784;83;;;;;
2785;99;;;;;
2786;94;;;;;
2787;158;;;;;
2788;162;;;;;
2789;458;;;;;
2790;172;;;;;
2791;197;;;;;
2792;2;;;;;
2793;171;;;;;
2794;197;;;;;
2795;172;;;;;
2796;6;;;;;
2797;16;;;;;
2798;169;;;;;
2799;51;;;;;
2800;36;;;;;
2801;82;;;;;
2802;48;;;;;
2803;238;;;;;
2804;13;;;;;
2805;14;;;;;
2806;7;;;;;
2807;1;;;;;
2808;131;;;;;
2809;5;;;;;
2810;178;;;;;
2811;51;;;;;
2812;104;;;;;
2813;25;;;;;
2814;178;;;;;
2815;8;;;;;
2816;16;;;;;
2817;31;;;;;
2818;142;;;;;
2819;16;;;;;
2820;8;;;;;
2821;20;;;;;
2822;88;;;;;
2823;117;;;;;
2824;23;;;;;
2825;3;;;;;
2826;16;;;;;
2827;6;;;;;
2828;344;;;;;
2829;158;;;;;
2830;117;;;;;
2831;4;;;;;
2832;63;;;;;
2833;7;;;;;
2834;32;;;;;
2835;716;;;;;
2836;107;;;;;
2837;42;;;;;
2838;38;;;;;
2839;43;;;;;
2840;149;;;;;
2841;45;;;;;
2842;7;;;;;
2843;10;;;;;
2844;39;;;;;
2845;0;;;;;
2846;83;;;;;
2847;10;;;;;
2848;177;;;;;
2849;97;;;;;
2850;71;;;;;
2851;57;;;;;
2852;10;;;;;
2853;97;;;;;
2854;213;;;;;
2855;23;;;;;
2856;23;;;;;
2857;62;;;;;
2858;41;;;;;
2859;41;;;;;
2860;3;;;;;
2861;11;;;;;
2862;163;;;;;
2863;201;;;;;
2864;185;;;;;
2865;162;;;;;
2866;284;;;;;
2867;89;;;;;
2868;73;;;;;
2869;52;;;;;
2870;149;;;;;
2871;103;;;;;
2872;48;;;;;
2873;10;;;;;
2874;38;;;;;
2875;30;;;;;
2876;38;;;;;
2877;308;;;;;
2878;16;;;;;
2879;5;;;;;
2880;112;;;;;
2881;158;;;;;
2882;55;;;;;
2883;172;;;;;
2884;9;;;;;
2885;454;;;;;
2886;263;;;;;
2887;427;;;;;
2888;328;;;;;
2889;173;;;;;
2890;88;;;;;
2891;68;;;;;
2892;46;;;;;
2893;16;;;;;
2894;8;;;;;
2895;336;;;;;
2896;3;;;;;
2897;3;;;;;
2898;5;;;;;
2899;14;;;;;
2900;9;;;;;
2901;162;;;;;
2902;162;;;;;
2903;160;;;;;
2904;48;;;;;
2905;152;;;;;
2906;1;;;;;
2907;709;;;;;
2908;496;;;;;
2909;651;;;;;
2910;1;;;;;
2911;426;;;;;
2912;270;;;;;
2913;91;;;;;
2914;25;;;;;
2915;109;;;;;
2916;173;;;;;
2917;44;;;;;
2918;73;;;;;
2919;21;;;;;
2920;295;;;;;
2921;16;;;;;
2922;21;;;;;
2923;819;;;;;
2924;5;;;;;
2925;17;;;;;
2926;2;;;;;
2927;171;;;;;
2928;139;;;;;
2929;125;;;;;
2930;159;;;;;
2931;25;;;;;
2932;19;;;;;
2933;5;;;;;
2934;72;;;;;
2935;120;;;;;
2936;136;;;;;
2937;130;;;;;
2938;64;;;;;
2939;201;;;;;
2940;276;;;;;
2941;24;;;;;
2942;346;;;;;
2943;64;;;;;
2944;40;;;;;
2945;1;;;;;
2946;129;;;;;
2947;387;;;;;
2948;387;;;;;
2949;387;;;;;
2950;7;;;;;
2951;25;;;;;
2952;770;;;;;
2953;10;;;;;
2954;43;;;;;
2955;28;;;;;
2956;7;;;;;
2957;10;;;;;
2958;9;;;;;
2959;878;;;;;
2960;19;;;;;
2961;734;;;;;
2962;13;;;;;
2963;115;;;;;
2964;598;;;;;
2965;97;;;;;
2966;696;;;;;
2967;604;;;;;
2968;55;;;;;
2969;561;;;;;
2970;167;;;;;
2971;443;;;;;
2972;111;;;;;
2973;155;;;;;
2974;376;;;;;
2975;119;;;;;
2976;62;;;;;
2977;87;;;;;
2978;390;;;;;
2979;310;;;;;
2980;16;;;;;
2981;11;;;;;
2982;347;;;;;
2983;88;;;;;
2984;97;;;;;
2985;189;;;;;
2986;256;;;;;
2987;1178;;;;;
2988;206;;;;;
2989;155;;;;;
2990;946;;;;;
2991;150;;;;;
2992;175;;;;;
2993;797;;;;;
2994;390;;;;;
2995;10;;;;;
2996;400;;;;;
2997;77;;;;;
2998;225;;;;;
2999;173;;;;;
3000;7;;;;;
3001;120;;;;;
3002;163;;;;;
3003;152;;;;;
3004;2;;;;;
3005;35;;;;;
3006;3;;;;;
3007;189;;;;;
3008;15;;;;;
3009;55;;;;;
3010;161;;;;;
3011;195;;;;;
3012;4;;;;;
3013;4086;;;;;
3014;44;;;;;
3015;3787;;;;;
3016;412;;;;;
3017;5;;;;;
3018;3234;;;;;
3019;5;;;;;
3020;18;;;;;
3021;6;;;;;
3022;357;;;;;
3023;335;;;;;
3024;997;;;;;
3025;892;;;;;
3026;959;;;;;
3027;1124;;;;;
3028;21;;;;;
3029;12;;;;;
3030;248;;;;;
3031;239;;;;;
3032;10;;;;;
3033;219;;;;;
3034;763;;;;;
3035;1;;;;;
3036;3953;;;;;
3037;202;;;;;
3038;61;;;;;
3039;23;;;;;
3040;37;;;;;
3041;137;;;;;
3042;814;;;;;
3043;3077;;;;;
3044;11;;;;;
3045;44;;;;;
3046;14;;;;;
3047;321;;;;;
3048;321;;;;;
3049;44;;;;;
3050;341;;;;;
3051;5;;;;;
3052;2996;;;;;
3053;7;;;;;
3054;11;;;;;
3055;23;;;;;
3056;591;;;;;
3057;234;;;;;
3058;2059;;;;;
3059;66;;;;;
3060;590;;;;;
3061;524;;;;;
3062;1535;;;;;
3063;574;;;;;
3064;62;;;;;
3065;1493;;;;;
3066;770;;;;;
3067;1228;;;;;
3068;548;;;;;
3069;12;;;;;
3070;16;;;;;
3071;12;;;;;
3072;7;;;;;
3073;188;;;;;
3074;2;;;;;
3075;188;;;;;
3076;186;;;;;
3077;166;;;;;
3078;79;;;;;
3079;22;;;;;
3080;189;;;;;
3081;1337;;;;;
3082;1579;;;;;
3083;1;;;;;
3084;2;;;;;
3085;588;;;;;
3086;2;;;;;
3087;483;;;;;
3088;362;;;;;
3089;894;;;;;
3090;4;;;;;
3091;71;;;;;
3092;1255;;;;;
3093;5;;;;;
3094;35;;;;;
3095;1080;;;;;
3096;1005;;;;;
3097;794;;;;;
3098;154;;;;;
3099;181;;;;;
3100;10;;;;;
3101;682;;;;;
3102;19;;;;;
3103;184;;;;;
3104;44;;;;;
3105;780;;;;;
3106;9;;;;;
3107;516;;;;;
3108;104;;;;;
3109;107;;;;;
3110;141;;;;;
3111;5179;;;;;
3112;139;;;;;
3113;571;;;;;
3114;104;;;;;
3115;181;;;;;
3116;6;;;;;
3117;4843;;;;;
3118;77;;;;;
3119;193;;;;;
3120;48;;;;;
3121;41;;;;;
3122;246;;;;;
3123;1943;;;;;
3124;399;;;;;
3125;25;;;;;
3126;92;;;;;
3127;4;;;;;
3128;39;;;;;
3129;4209;;;;;
3130;598;;;;;
3131;1009;;;;;
3132;655;;;;;
3133;1023;;;;;
3134;4;;;;;
3135;4;;;;;
3136;42;;;;;
3137;4;;;;;
3138;5329;;;;;
3139;22;;;;;
3140;41;;;;;
3141;51;;;;;
3142;45;;;;;
3143;8;;;;;
3144;3;;;;;
3145;0;;;;;
3146;1004;;;;;
3147;15;;;;;
3148;2;;;;;
3149;22;;;;;
3150;992;;;;;
3151;970;;;;;
3152;2125;;;;;
3153;1308;;;;;
3154;1218;;;;;
3155;1202;;;;;
3156;1197;;;;;
3157;52;;;;;
3158;76;;;;;
3159;1083;;;;;
3160;13;;;;;
3161;76;;;;;
3162;68;;;;;
3163;26;;;;;
3164;1148;;;;;
3165;615;;;;;
3166;1098;;;;;
3167;75;;;;;
3168;7;;;;;
3169;196;;;;;
3170;19;;;;;
3171;4;;;;;
3172;7;;;;;
3173;6;;;;;
3174;29;;;;;
3175;2;;;;;
3176;23;;;;;
3177;29;;;;;
3178;44;;;;;
3179;209;;;;;
3180;175;;;;;
3181;139;;;;;
3182;67;;;;;
3183;136;;;;;
3184;89;;;;;
3185;89;;;;;
3186;42;;;;;
3187;917;;;;;
3188;1008;;;;;
3189;985;;;;;
3190;971;;;;;
3191;374;;;;;
3192;358;;;;;
3193;10;;;;;
3194;962;;;;;
3195;45;;;;;
3196;15;;;;;
3197;3;;;;;
3198;9;;;;;
3199;113;;;;;
3200;7;;;;;
3201;67;;;;;
3202;106;;;;;
3203;33;;;;;
3204;106;;;;;
3205;24;;;;;
3206;3;;;;;
3207;16;;;;;
3208;3;;;;;
3209;60;;;;;
3210;67;;;;;
3211;124;;;;;
3212;210;;;;;
3213;22;;;;;
3214;33;;;;;
3215;13;;;;;
3216;39;;;;;
3217;6;;;;;
3218;3;;;;;
3219;61;;;;;
3220;40;;;;;
3221;15;;;;;
3222;65;;;;;
3223;28;;;;;
3224;10;;;;;
3225;33;;;;;
3226;54;;;;;
3227;8;;;;;
3228;1494;;;;;
3229;1;;;;;
3230;4;;;;;
3231;1189;;;;;
3232;4;;;;;
3233;72;;;;;
3234;7;;;;;
3235;17;;;;;
3236;1;;;;;
3237;42;;;;;
3238;3;;;;;
3239;2;;;;;
3240;56;;;;;
3241;98;;;;;
3242;1469;;;;;
3243;49;;;;;
3244;19;;;;;
3245;63;;;;;
3246;1532;;;;;
3247;2696;;;;;
3248;104;;;;;
3249;40;;;;;
3250;1;;;;;
3251;379;;;;;
3252;20;;;;;
3253;31;;;;;
3254;38;;;;;
3255;279;;;;;
3256;284;;;;;
3257;106;;;;;
3258;42;;;;;
3259;281;;;;;
3260;21;;;;;
3261;11;;;;;
3262;101;;;;;
3263;39;;;;;
3264;142;;;;;
3265;5;;;;;
3266;32;;;;;
3267;37;;;;;
3268;5;;;;;
3269;37;;;;;
3270;184;;;;;
3271;51;;;;;
3272;97;;;;;
3273;52;;;;;
3274;0;;;;;
3275;165;;;;;
3276;104;;;;;
3277;122;;;;;
3278;127;;;;;
3279;31;;;;;
3280;16;;;;;
3281;13;;;;;
3282;8;;;;;
3283;6;;;;;
3284;299;;;;;
3285;20;;;;;
3286;1;;;;;
3287;63;;;;;
3288;43;;;;;
3289;14;;;;;
3290;1;;;;;
3291;2;;;;;
3292;94;;;;;
3293;20;;;;;
3294;12;;;;;
3295;18;;;;;
3296;22;;;;;
3297;54;;;;;
3298;8;;;;;
3299;9;;;;;
3300;112;;;;;
3301;1;;;;;
3302;1860;;;;;
3303;1524;;;;;
3304;20;;;;;
3305;275;;;;;
3306;2;;;;;
3307;1;;;;;
3308;137;;;;;
3309;1;;;;;
3310;1530;;;;;
3311;22;;;;;
3312;11;;;;;
3313;97;;;;;
3314;145;;;;;
3315;2632;;;;;
3316;2;;;;;
3317;2033;;;;;
3318;30;;;;;
3319;1524;;;;;
3320;2729;;;;;
3321;42;;;;;
3322;9;;;;;
3323;2078;;;;;
3324;2720;;;;;
3325;1557;;;;;
3326;41;;;;;
3327;1518;;;;;
3328;674;;;;;
3329;160;;;;;
3330;21;;;;;
3331;651;;;;;
3332;511;;;;;
3333;41;;;;;
3334;7;;;;;
3335;511;;;;;
3336;163;;;;;
3337;13;;;;;
3338;482;;;;;
3339;1;;;;;
3340;405;;;;;
3341;17;;;;;
3342;15;;;;;
3343;380;;;;;
3344;18;;;;;
3345;72;;;;;
3346;289;;;;;
3347;50;;;;;
3348;9;;;;;
3349;285;;;;;
3350;74;;;;;
3351;190;;;;;
3352;77;;;;;
3353;23;;;;;
3354;390;;;;;
3355;2;;;;;
3356;11;;;;;
3357;208;;;;;
3358;20;;;;;
3359;10;;;;;
3360;70;;;;;
3361;22;;;;;
3362;4;;;;;
3363;412;;;;;
3364;248;;;;;
3365;178;;;;;
3366;13;;;;;
3367;44;;;;;
3368;143;;;;;
3369;76;;;;;
3370;3;;;;;
3371;91;;;;;
3372;4;;;;;
3373;2;;;;;
3374;18;;;;;
3375;19;;;;;
3376;1;;;;;
3377;35;;;;;
3378;645;;;;;
3379;45;;;;;
3380;589;;;;;
3381;77;;;;;
3382;44;;;;;
3383;134;;;;;
3384;590;;;;;
3385;28;;;;;
3386;135;;;;;
3387;24;;;;;
3388;4;;;;;
3389;254;;;;;
3390;203;;;;;
3391;142;;;;;
3392;5;;;;;
3393;17;;;;;
3394;46;;;;;
3395;54;;;;;
3396;14;;;;;
3397;117;;;;;
3398;117;;;;;
3399;1009;;;;;
3400;27;;;;;
3401;117;;;;;
3402;2027;;;;;
3403;31;;;;;
3404;20;;;;;
3405;220;;;;;
3406;332;;;;;
3407;332;;;;;
3408;337;;;;;
3409;3;;;;;
3410;332;;;;;
3411;1298;;;;;
3412;465;;;;;
3413;5;;;;;
3414;2;;;;;
3415;380;;;;;
3416;1752;;;;;
3417;23;;;;;
3418;2;;;;;
3419;1558;;;;;
3420;36;;;;;
3421;50;;;;;
3422;421;;;;;
3423;416;;;;;
3424;7;;;;;
3425;21;;;;;
3426;27;;;;;
3427;23;;;;;
3428;164;;;;;
3429;240;;;;;
3430;1;;;;;
3431;108;;;;;
3432;96;;;;;
3433;279;;;;;
3434;15;;;;;
3435;238;;;;;
3436;0;;;;;
3437;95;;;;;
3438;2;;;;;
3439;0;;;;;
3440;72;;;;;
3441;36;;;;;
3442;11;;;;;
3443;6;;;;;
3444;32;;;;;
3445;1;;;;;
3446;2;;;;;
3447;9;;;;;
3448;67;;;;;
3449;18;;;;;
3450;0;;;;;
3451;176;;;;;
3452;48;;;;;
3453;200;;;;;
3454;79;;;;;
3455;196;;;;;
3456;14;;;;;
3457;16;;;;;
3458;75;;;;;
3459;42;;;;;
3460;4;;;;;
3461;24;;;;;
3462;11;;;;;
3463;291;;;;;
3464;29;;;;;
3465;142;;;;;
3466;50;;;;;
3467;2;;;;;
3468;59;;;;;
3469;13;;;;;
3470;38;;;;;
3471;8;;;;;
3472;76;;;;;
3473;78;;;;;
3474;1;;;;;
3475;12;;;;;
3476;14;;;;;
3477;20;;;;;
3478;6;;;;;
3479;14;;;;;
3480;0;;;;;
3481;0;;;;;
3482;8;;;;;
3483;0;;;;;
3484;0;;;;;
3485;10;;;;;
3486;10;;;;;
3487;44;;;;;
3488;12;;;;;
3489;38;;;;;
3490;3;;;;;
3491;12;;;;;
3492;3;;;;;
3493;2;;;;;
3494;3;;;;;
3495;3;;;;;
3496;4;;;;;
3497;0;;;;;
3498;12;;;;;
3499;0;;;;;
3500;40;;;;;
3501;6;;;;;
3502;3;;;;;
3503;6;;;;;
3504;11;;;;;
3505;5;;;;;
3506;6;;;;;
3507;27;;;;;
3508;6;;;;;
3509;46;;;;;
3510;3;;;;;
3511;6;;;;;
3512;13;;;;;
3513;38;;;;;
3514;12;;;;;
3515;107;;;;;
3516;148;;;;;
3517;5;;;;;
3518;148;;;;;
3519;1;;;;;
3520;131;;;;;
3521;3;;;;;
3522;118;;;;;
3523;152;;;;;
3524;199;;;;;
3525;38;;;;;
3526;199;;;;;
3527;14;;;;;
3528;307;;;;;
3529;10;;;;;
3530;2;;;;;
3531;205;;;;;
3532;343;;;;;
3533;278;;;;;
3534;5;;;;;
3535;13;;;;;
3536;3;;;;;
3537;40;;;;;
3538;10;;;;;
3539;40;;;;;
3540;50;;;;;
3541;53;;;;;
3542;25;;;;;
3543;3;;;;;
3544;18;;;;;
3545;3;;;;;
3546;14;;;;;
3547;18;;;;;
3548;24;;;;;
3549;20;;;;;
3550;3;;;;;
3551;3;;;;;
3552;2;;;;;
3553;25;;;;;
3554;117;;;;;
3555;3;;;;;
3556;20;;;;;
3557;64;;;;;
3558;5;;;;;
3559;56;;;;;
3560;31;;;;;
3561;26;;;;;
3562;21;;;;;
3563;18;;;;;
3564;27;;;;;
3565;66;;;;;
3566;48;;;;;
3567;12;;;;;
3568;77;;;;;
3569;28;;;;;
3570;3;;;;;
3571;2;;;;;
3572;3;;;;;
3573;16;;;;;
3574;3;;;;;
3575;12;;;;;
3576;3;;;;;
3577;31;;;;;
3578;5;;;;;
3579;1;;;;;
3580;19;;;;;
3581;1;;;;;
3582;16;;;;;
3583;1;;;;;
3584;19;;;;;
3585;51;;;;;
3586;3;;;;;
3587;43;;;;;
3588;63;;;;;
3589;25;;;;;
3590;111;;;;;
3591;70;;;;;
3592;13;;;;;
3593;54;;;;;
3594;3;;;;;
3595;8;;;;;
3596;7;;;;;
3597;7;;;;;
3598;4;;;;;
3599;26;;;;;
3600;4;;;;;
3601;22;;;;;
3602;25;;;;;
3603;22;;;;;
3604;224;;;;;
3605;48;;;;;
3606;14;;;;;
3607;2;;;;;
3608;6;;;;;
3609;15;;;;;
3610;1;;;;;
3611;16;;;;;
3612;58;;;;;
3613;44;;;;;
3614;64;;;;;
3615;60;;;;;
3616;1;;;;;
3617;11;;;;;
3618;10;;;;;
3619;51;;;;;
3620;10;;;;;
3621;33;;;;;
3622;37;;;;;
3623;7;;;;;
3624;71;;;;;
3625;2;;;;;
3626;1;;;;;
3627;74;;;;;
3628;22;;;;;
3629;75;;;;;
3630;9;;;;;
3631;33;;;;;
3632;15;;;;;
3633;9;;;;;
3634;20;;;;;
3635;23;;;;;
3636;47;;;;;
3637;1;;;;;
3638;14;;;;;
3639;48;;;;;
3640;1;;;;;
3641;8;;;;;
3642;1;;;;;
3643;6;;;;;
3644;1;;;;;
3645;4;;;;;
3646;52;;;;;
3647;2;;;;;
3648;70;;;;;
3649;4;;;;;
3650;40;;;;;
3651;84;;;;;
3652;1132;;;;;
3653;5;;;;;
3654;1524;;;;;
3655;52;;;;;
3656;38;;;;;
3657;4;;;;;
3658;12;;;;;
3659;180;;;;;
3660;44;;;;;
3661;23;;;;;
3662;9;;;;;
3663;17;;;;;
3664;39;;;;;
3665;8;;;;;
3666;4;;;;;
3667;830;;;;;
3668;56;;;;;
3669;249;;;;;
3670;257;;;;;
3671;12;;;;;
3672;9;;;;;
3673;3;;;;;
3674;253;;;;;
3675;317;;;;;
3676;101;;;;;
3677;385;;;;;
3678;20;;;;;
3679;24;;;;;
3680;86;;;;;
3681;54;;;;;
3682;3;;;;;
3683;50;;;;;
3684;72;;;;;
3685;11;;;;;
3686;72;;;;;
3687;25;;;;;
3688;27;;;;;
3689;14;;;;;
3690;93;;;;;
3691;4;;;;;
3692;2;;;;;
3693;16;;;;;
3694;6;;;;;
3695;103;;;;;
3696;402;;;;;
3697;609;;;;;
3698;64;;;;;
3699;649;;;;;
3700;649;;;;;
3701;435;;;;;
3702;439;;;;;
3703;1;;;;;
3704;59;;;;;
3705;19;;;;;
3706;14;;;;;
3707;45;;;;;
3708;24;;;;;
3709;59;;;;;
3710;44;;;;;
3711;7;;;;;
3712;18;;;;;
3713;206;;;;;
3714;298;;;;;
3715;29;;;;;
3716;90;;;;;
3717;39;;;;;
3718;122;;;;;
3719;15;;;;;
3720;31;;;;;
3721;163;;;;;
3722;219;;;;;
3723;16;;;;;
3724;7;;;;;
3725;19;;;;;
3726;366;;;;;
3727;451;;;;;
3728;454;;;;;
3729;56;;;;;
3730;462;;;;;
3731;41;;;;;
3732;150;;;;;
3733;26;;;;;
3734;555;;;;;
3735;1;;;;;
3736;224;;;;;
3737;65;;;;;
3738;70;;;;;
3739;1;;;;;
3740;3;;;;;
3741;36;;;;;
3742;154;;;;;
3743;33;;;;;
3744;321;;;;;
3745;81;;;;;
3746;100;;;;;
3747;58;;;;;
3748;3;;;;;
3749;11;;;;;
3750;13;;;;;
3751;114;;;;;
3752;2;;;;;
3753;2;;;;;
3754;7;;;;;
3755;20;;;;;
3756;17;;;;;
3757;1;;;;;
3758;15;;;;;
3759;91;;;;;
3760;14;;;;;
3761;14;;;;;
3762;74;;;;;
3763;114;;;;;
3764;37;;;;;
3765;17;;;;;
3766;66;;;;;
3767;125;;;;;
3768;166;;;;;
3769;166;;;;;
3770;177;;;;;
3771;468;;;;;
3772;533;;;;;
3773;2;;;;;
3774;533;;;;;
3775;2;;;;;
3776;653;;;;;
3777;661;;;;;
3778;661;;;;;
3779;587;;;;;
3780;689;;;;;
3781;689;;;;;
3782;698;;;;;
3783;649;;;;;
3784;649;;;;;
3785;649;;;;;
3786;1;;;;;
3787;214;;;;;
3788;121;;;;;
3789;12;;;;;
3790;80;;;;;
3791;64;;;;;
3792;9;;;;;
3793;1;;;;;
3794;97;;;;;
3795;12;;;;;
3796;136;;;;;
3797;95;;;;;
3798;61;;;;;
3799;25;;;;;
3800;61;;;;;
3801;61;;;;;
3802;22;;;;;
3803;19;;;;;
3804;11;;;;;
3805;124;;;;;
3806;16;;;;;
3807;4;;;;;
3808;12;;;;;
3809;2;;;;;
3810;21;;;;;
3811;3;;;;;
3812;240;;;;;
3813;10;;;;;
3814;1;;;;;
3815;12;;;;;
3816;24;;;;;
3817;3;;;;;
3818;14;;;;;
3819;21;;;;;
3820;32;;;;;
3821;6;;;;;
3822;12;;;;;
3823;47;;;;;
3824;45;;;;;
3825;157;;;;;
3826;156;;;;;
3827;3;;;;;
3828;3;;;;;
3829;3;;;;;
3830;2;;;;;
3831;3;;;;;
3832;124;;;;;
3833;139;;;;;
3834;99;;;;;
3835;159;;;;;
3836;7;;;;;
3837;7;;;;;
3838;6;;;;;
3839;6;;;;;
3840;26;;;;;
3841;1;;;;;
3842;248;;;;;
3843;284;;;;;
3844;294;;;;;
3845;288;;;;;
3846;551;;;;;
3847;551;;;;;
3848;1;;;;;
3849;70;;;;;
3850;31;;;;;
3851;72;;;;;
3852;1;;;;;
3853;250;;;;;
3854;250;;;;;
3855;251;;;;;
3856;74;;;;;
3857;1;;;;;
3858;9;;;;;
3859;8;;;;;
3860;10;;;;;
3861;2;;;;;
3862;5;;;;;
3863;1;;;;;
3864;80;;;;;
3865;5;;;;;
3866;6;;;;;
3867;115;;;;;
3868;2;;;;;
3869;11;;;;;
3870;46;;;;;
3871;29;;;;;
3872;77;;;;;
3873;79;;;;;
3874;22;;;;;
3875;20;;;;;
3876;14;;;;;
3877;9;;;;;
3878;13;;;;;
3879;13;;;;;
3880;1;;;;;
3881;148;;;;;
3882;157;;;;;
3883;152;;;;;
3884;162;;;;;
3885;180;;;;;
3886;151;;;;;
3887;3;;;;;
3888;15;;;;;
3889;9;;;;;
3890;7;;;;;
3891;8;;;;;
3892;42;;;;;
3893;4;;;;;
3894;6;;;;;
3895;65;;;;;
3896;86;;;;;
3897;106;;;;;
3898;65;;;;;
3899;116;;;;;
3900;2;;;;;
3901;60;;;;;
3902;4;;;;;
3903;3;;;;;
3904;4;;;;;
3905;3;;;;;
3906;8;;;;;
3907;4;;;;;
3908;8;;;;;
3909;23;;;;;
3910;7;;;;;
3911;14;;;;;
3912;13;;;;;
3913;4;;;;;
3914;15;;;;;
3915;77;;;;;
3916;9;;;;;
3917;41;;;;;
3918;75;;;;;
3919;30;;;;;
3920;60;;;;;
3921;24;;;;;
3922;51;;;;;
3923;27;;;;;
3924;27;;;;;
3925;38;;;;;
3926;3;;;;;
3927;1;;;;;
3928;6;;;;;
3929;20;;;;;
3930;260;;;;;
3931;282;;;;;
3932;10;;;;;
3933;287;;;;;
3934;345;;;;;
3935;27;;;;;
3936;322;;;;;
3937;364;;;;;
3938;384;;;;;
3939;409;;;;;
3940;12;;;;;
3941;6;;;;;
3942;6;;;;;
3943;5;;;;;
3944;2;;;;;
3945;5;;;;;
3946;47;;;;;
3947;78;;;;;
3948;93;;;;;
3949;553;;;;;
3950;12;;;;;
3951;3;;;;;
3952;1;;;;;
3953;10;;;;;
3954;10;;;;;
3955;10;;;;;
3956;10;;;;;
3957;371;;;;;
3958;36;;;;;
3959;26;;;;;
3960;8;;;;;
3961;6;;;;;
3962;12;;;;;
3963;11;;;;;
3964;2;;;;;
3965;26;;;;;
3966;29;;;;;
3967;32;;;;;
3968;34;;;;;
3969;1;;;;;
3970;30;;;;;
3971;1;;;;;
3972;55;;;;;
3973;6;;;;;
3974;41;;;;;
3975;55;;;;;
3976;34;;;;;
3977;55;;;;;
3978;5;;;;;
3979;3;;;;;
3980;37;;;;;
3981;4;;;;;
3982;357;;;;;
3983;57;;;;;
3984;20;;;;;
3985;233;;;;;
3986;2;;;;;
3987;1;;;;;
3988;264;;;;;
3989;152;;;;;
3990;12;;;;;
3991;79;;;;;
3992;110;;;;;
3993;17;;;;;
3994;7;;;;;
3995;18;;;;;
3996;18;;;;;
3997;23;;;;;
3998;6;;;;;
3999;72;;;;;
4000;4;;;;;
4001;99;;;;;
4002;7;;;;;
4003;72;;;;;
4004;1;;;;;
4005;10;;;;;
4006;56;;;;;
4007;35;;;;;
4008;20;;;;;
4009;9;;;;;
4010;23;;;;;
4011;13;;;;;
4012;443;;;;;
4013;427;;;;;
4014;468;;;;;
4015;477;;;;;
4016;334;;;;;
4017;17;;;;;
4018;5;;;;;
4019;13;;;;;
4020;1;;;;;
4021;5;;;;;
4022;5;;;;;
4023;5;;;;;
4024;1;;;;;
4025;8;;;;;
4026;32;;;;;
4027;78;;;;;
4028;40;;;;;
4029;5;;;;;
4030;2;;;;;
4031;11;;;;;
4032;25;;;;;
4033;3;;;;;
4034;2;;;;;
4035;2;;;;;
4036;11;;;;;
4037;15;;;;;
4038;391;;;;;
4039;17;;;;;
4040;253;;;;;
4041;212;;;;;
4042;23;;;;;
4043;198;;;;;
4044;222;;;;;
4045;3;;;;;
4046;222;;;;;
4047;222;;;;;
4048;3;;;;;
4049;220;;;;;
4050;176;;;;;
4051;1;;;;;
4052;725;;;;;
4053;1;;;;;
4054;367;;;;;
4055;2;;;;;
4056;7;;;;;
4057;3;;;;;
4058;199;;;;;
4059;5;;;;;
4060;199;;;;;
4061;199;;;;;
4062;199;;;;;
4063;19;;;;;
4064;291;;;;;
4065;587;;;;;
4066;8;;;;;
4067;8;;;;;
4068;2;;;;;
4069;701;;;;;
4070;312;;;;;
4071;8;;;;;
4072;3;;;;;
4073;2;;;;;
4074;3;;;;;
4075;2;;;;;
4076;84;;;;;
4077;10;;;;;
4078;173;;;;;
4079;188;;;;;
4080;234;;;;;
4081;204;;;;;
4082;606;;;;;
4083;390;;;;;
4084;200;;;;;
4085;41;;;;;
4086;32;;;;;
4087;26;;;;;
4088;1;;;;;
4089;8;;;;;
4090;199;;;;;
4091;802;;;;;
4092;12;;;;;
4093;120;;;;;
4094;1;;;;;
4095;206;;;;;
4096;3;;;;;
4097;212;;;;;
4098;2;;;;;
4099;949;;;;;
4100;954;;;;;
4101;973;;;;;
4102;1115;;;;;
4103;123;;;;;
4104;368;;;;;
4105;111;;;;;
4106;106;;;;;
4107;104;;;;;
4108;2;;;;;
4109;8;;;;;
4110;1;;;;;
4111;368;;;;;
4112;17;;;;;
4113;4;;;;;
4114;4;;;;;
4115;9;;;;;
4116;45;;;;;
4117;11;;;;;
4118;61;;;;;
4119;13;;;;;
4120;9;;;;;
4121;11;;;;;
4122;8;;;;;
4123;26;;;;;
4124;2;;;;;
4125;3;;;;;
4126;2;;;;;
4127;286;;;;;
4128;95;;;;;
4129;287;;;;;
4130;41;;;;;
4131;0;;;;;
4132;0;;;;;
4133;0;;;;;
4134;30;;;;;
4135;16;;;;;
4136;546;;;;;
4137;506;;;;;
4138;24;;;;;
4139;35;;;;;
4140;39;;;;;
4141;1;;;;;
4142;78;;;;;
4143;110;;;;;
4144;48;;;;;
4145;122;;;;;
4146;16;;;;;
4147;49;;;;;
4148;137;;;;;
4149;142;;;;;
4150;116;;;;;
4151;327;;;;;
4152;419;;;;;
4153;74;;;;;
4154;76;;;;;
4155;78;;;;;
4156;16;;;;;
4157;19;;;;;
4158;73;;;;;
4159;2;;;;;
4160;17;;;;;
4161;15;;;;;
4162;448;;;;;
4163;3;;;;;
4164;61;;;;;
4165;25;;;;;
4166;2;;;;;
4167;4;;;;;
4168;18;;;;;
4169;51;;;;;
4170;10;;;;;
4171;11;;;;;
4172;1;;;;;
4173;21;;;;;
4174;0;;;;;
4175;45;;;;;
4176;82;;;;;
4177;1;;;;;
4178;0;;;;;
4179;0;;;;;
4180;20;;;;;
4181;2;;;;;
4182;12;;;;;
4183;0;;;;;
4184;0;;;;;
4185;3;;;;;
4186;4;;;;;
4187;0;;;;;
4188;2;;;;;
4189;18;;;;;
4190;18;;;;;
4191;397;;;;;
4192;30;;;;;
4193;39;;;;;
4194;3;;;;;
4195;7;;;;;
4196;25;;;;;
4197;140;;;;;
4198;169;;;;;
4199;29;;;;;
4200;35;;;;;
4201;138;;;;;
4202;4;;;;;
4203;67;;;;;
4204;16;;;;;
4205;47;;;;;
4206;19;;;;;
4207;17;;;;;
4208;71;;;;;
4209;83;;;;;
4210;98;;;;;
4211;43;;;;;
4212;19;;;;;
4213;34;;;;;
4214;48;;;;;
4215;24;;;;;
4216;111;;;;;
4217;3;;;;;
4218;3;;;;;
4219;9;;;;;
4220;3;;;;;
4221;3;;;;;
4222;198;;;;;
4223;199;;;;;
4224;1;;;;;
4225;1;;;;;
4226;1;;;;;
4227;149;;;;;
4228;127;;;;;
4229;58;;;;;
4230;46;;;;;
4231;60;;;;;
4232;45;;;;;
4233;27;;;;;
4234;16;;;;;
4235;16;;;;;
4236;69;;;;;
4237;99;;;;;
4238;52;;;;;
4239;15;;;;;
4240;10;;;;;
4241;14;;;;;
4242;2;;;;;
4243;4;;;;;
4244;18;;;;;
4245;24;;;;;
4246;8;;;;;
4247;5;;;;;
4248;24;;;;;
4249;15;;;;;
4250;6;;;;;
4251;11;;;;;
4252;2;;;;;
4253;10;;;;;
4254;10;;;;;
4255;19;;;;;
4256;2;;;;;
4257;5;;;;;
4258;7;;;;;
4259;2;;;;;
4260;2;;;;;
4261;2;;;;;
4262;159;;;;;
4263;1;;;;;
4264;63;;;;;
4265;5;;;;;
4266;162;;;;;
4267;24;;;;;
4268;162;;;;;
4269;5;;;;;
4270;337;;;;;
4271;53;;;;;
4272;11;;;;;
4273;11;;;;;
4274;464;;;;;
4275;470;;;;;
4276;2;;;;;
4277;1750;;;;;
4278;1753;;;;;
4279;1486;;;;;
4280;256;;;;;
4281;403;;;;;
4282;4;;;;;
4283;830;;;;;
4284;858;;;;;
4285;15;;;;;
4286;55;;;;;
4287;3;;;;;
4288;132;;;;;
4289;137;;;;;
4290;174;;;;;
4291;442;;;;;
4292;467;;;;;
4293;30;;;;;
4294;22;;;;;
4295;14;;;;;
4296;13;;;;;
4297;15;;;;;
4298;31;;;;;
4299;16;;;;;
4300;9;;;;;
4301;9;;;;;
4302;22;;;;;
4303;6;;;;;
4304;2;;;;;
4305;22;;;;;
4306;5;;;;;
4307;54;;;;;
4308;83;;;;;
4309;110;;;;;
4310;121;;;;;
4311;6;;;;;
4312;8;;;;;
4313;6;;;;;
4314;2;;;;;
4315;0;;;;;
4316;32;;;;;
4317;3;;;;;
4318;71;;;;;
4319;13;;;;;
4320;12;;;;;
4321;37;;;;;
4322;1;;;;;
4323;8;;;;;
4324;1;;;;;
4325;19;;;;;
4326;28;;;;;
4327;4;;;;;
4328;41;;;;;
4329;685;;;;;
4330;212;;;;;
4331;86;;;;;
4332;164;;;;;
4333;21;;;;;
4334;26;;;;;
4335;40;;;;;
4336;2;;;;;
4337;94;;;;;
4338;8;;;;;
4339;113;;;;;
4340;178;;;;;
4341;191;;;;;
4342;194;;;;;
4343;53;;;;;
4344;352;;;;;
4345;69;;;;;
4346;362;;;;;
4347;174;;;;;
4348;1225;;;;;
4349;1242;;;;;
4350;546;;;;;
4351;504;;;;;
4352;478;;;;;
4353;184;;;;;
4354;156;;;;;
4355;118;;;;;
4356;102;;;;;
4357;51;;;;;
4358;73;;;;;
4359;183;;;;;
4360;1594;;;;;
4361;29;;;;;
4362;37;;;;;
4363;304;;;;;
4364;253;;;;;
4365;270;;;;;
4366;253;;;;;
4367;219;;;;;
4368;8;;;;;
4369;134;;;;;
4370;13;;;;;
4371;9;;;;;
4372;33;;;;;
4373;33;;;;;
4374;40;;;;;
4375;94;;;;;
4376;41;;;;;
4377;40;;;;;
4378;47;;;;;
4379;51;;;;;
4380;3;;;;;
4381;2;;;;;
4382;58;;;;;
4383;70;;;;;
4384;102;;;;;
4385;127;;;;;
4386;5;;;;;
4387;14;;;;;
4388;6;;;;;
4389;1;;;;;
4390;2;;;;;
4391;31;;;;;
4392;25;;;;;
4393;20;;;;;
4394;61;;;;;
4395;24;;;;;
4396;24;;;;;
4397;24;;;;;
4398;24;;;;;
4399;28;;;;;
4400;452;;;;;
4401;17;;;;;
4402;33;;;;;
4403;28;;;;;
4404;1;;;;;
4405;4;;;;;
4406;8;;;;;
4407;8;;;;;
4408;16;;;;;
4409;9;;;;;
4410;1;;;;;
4411;7;;;;;
4412;7;;;;;
4413;9;;;;;
4414;95;;;;;
4415;100;;;;;
4416;9;;;;;
4417;78;;;;;
4418;22;;;;;
4419;2;;;;;
4420;17;;;;;
4421;36;;;;;
4422;16;;;;;
4423;21;;;;;
4424;65;;;;;
4425;18;;;;;
4426;1;;;;;
4427;8;;;;;
4428;108;;;;;
4429;74;;;;;
4430;188;;;;;
4431;23;;;;;
4432;87;;;;;
4433;26;;;;;
4434;46;;;;;
4435;185;;;;;
4436;5;;;;;
4437;137;;;;;
4438;106;;;;;
4439;5;;;;;
4440;62;;;;;
4441;50;;;;;
4442;18;;;;;
4443;19;;;;;
4444;24;;;;;
4445;37;;;;;
4446;24;;;;;
4447;23;;;;;
4448;11;;;;;
4449;51;;;;;
4450;46;;;;;
4451;46;;;;;
4452;267;;;;;
4453;18;;;;;
4454;18;;;;;
4455;268;;;;;
4456;6;;;;;
4457;6;;;;;
4458;1;;;;;
4459;14;;;;;
4460;3;;;;;
4461;9;;;;;
4462;0;;;;;
4463;18;;;;;
4464;0;;;;;
4465;10;;;;;
4466;94;;;;;
4467;115;;;;;
4468;278;;;;;
4469;1;;;;;
4470;0;;;;;
4471;248;;;;;
4472;0;;;;;
4473;377;;;;;
4474;446;;;;;
4475;1405;;;;;
4476;165;;;;;
4477;1405;;;;;
4478;68;;;;;
4479;135;;;;;
4480;181;;;;;
4481;1054;;;;;
4482;1700;;;;;
4483;46;;;;;
4484;645;;;;;
4485;397;;;;;
4486;453;;;;;
4487;487;;;;;
4488;1199;;;;;
4489;1199;;;;;
4490;496;;;;;
4491;492;;;;;
4492;408;;;;;
4493;205;;;;;
4494;116;;;;;
4495;60;;;;;
4496;21;;;;;
4497;8;;;;;
4498;60;;;;;
4499;87;;;;;
4500;1;;;;;
4501;20;;;;;
4502;6;;;;;
4503;28;;;;;
4504;6;;;;;
4505;11;;;;;
4506;109;;;;;
4507;114;;;;;
4508;167;;;;;
4509;8;;;;;
4510;118;;;;;
4511;138;;;;;
4512;1;;;;;
4513;258;;;;;
4514;4;;;;;
4515;53;;;;;
4516;158;;;;;
4517;8;;;;;
4518;2;;;;;
4519;52;;;;;
4520;36;;;;;
4521;1187;;;;;
4522;1304;;;;;
4523;813;;;;;
4524;1;;;;;
4525;1;;;;;
4526;296;;;;;
4527;1220;;;;;
4528;42;;;;;
4529;2;;;;;
4530;158;;;;;
4531;19;;;;;
4532;2;;;;;
4533;4;;;;;
4534;10;;;;;
4535;12;;;;;
4536;1;;;;;
4537;25;;;;;
4538;973;;;;;
4539;49;;;;;
4540;2614;;;;;
4541;430;;;;;
4542;2050;;;;;
4543;8;;;;;
4544;8;;;;;
4545;839;;;;;
4546;2137;;;;;
4547;182;;;;;
4548;50;;;;;
4549;37;;;;;
4550;58;;;;;
4551;2153;;;;;
4552;170;;;;;
4553;188;;;;;
4554;2132;;;;;
4555;220;;;;;
4556;18;;;;;
4557;106;;;;;
4558;21;;;;;
4559;515;;;;;
4560;332;;;;;
4561;114;;;;;
4562;189;;;;;
4563;253;;;;;
4564;213;;;;;
4565;184;;;;;
4566;546;;;;;
4567;5;;;;;
4568;476;;;;;
4569;478;;;;;
4570;4;;;;;
4571;469;;;;;
4572;3;;;;;
4573;6;;;;;
4574;9;;;;;
4575;1131;;;;;
4576;120;;;;;
4577;63;;;;;
4578;182;;;;;
4579;517;;;;;
4580;18;;;;;
4581;677;;;;;
4582;73;;;;;
4583;88;;;;;
4584;697;;;;;
4585;650;;;;;
4586;501;;;;;
4587;202;;;;;
4588;387;;;;;
4589;370;;;;;
4590;186;;;;;
4591;358;;;;;
4592;59;;;;;
4593;136;;;;;
4594;91;;;;;
4595;35;;;;;
4596;467;;;;;
4597;1437;;;;;
4598;385;;;;;
4599;10;;;;;
4600;985;;;;;
4601;10;;;;;
4602;1343;;;;;
4603;44;;;;;
4604;2336;;;;;
4605;393;;;;;
4606;2344;;;;;
4607;133;;;;;
4608;49;;;;;
4609;32;;;;;
4610;65;;;;;
4611;2525;;;;;
4612;99;;;;;
4613;8;;;;;
4614;1186;;;;;
4615;1;;;;;
4616;980;;;;;
4617;1;;;;;
4618;208;;;;;
4619;719;;;;;
4620;230;;;;;
4621;1;;;;;
4622;123;;;;;
4623;16;;;;;
4624;122;;;;;
4625;40;;;;;
4626;187;;;;;
4627;232;;;;;
4628;40;;;;;
4629;1;;;;;
4630;9;;;;;
4631;2624;;;;;
4632;76;;;;;
4633;38;;;;;
4634;148;;;;;
4635;2923;;;;;
4636;229;;;;;
4637;13;;;;;
4638;28;;;;;
4639;84;;;;;
4640;55;;;;;
4641;2348;;;;;
4642;98;;;;;
4643;9;;;;;
4644;47;;;;;
4645;911;;;;;
4646;93;;;;;
4647;27;;;;;
4648;206;;;;;
4649;1366;;;;;
4650;2;;;;;
4651;64;;;;;
4652;13;;;;;
4653;11;;;;;
4654;1256;;;;;
4655;949;;;;;
4656;126;;;;;
4657;139;;;;;
4658;82;;;;;
4659;52;;;;;
4660;9;;;;;
4661;9;;;;;
4662;33;;;;;
4663;8;;;;;
4664;187;;;;;
4665;13;;;;;
4666;19;;;;;
4667;11;;;;;
4668;1008;;;;;
4669;375;;;;;
4670;2;;;;;
4671;1244;;;;;
4672;38;;;;;
4673;2;;;;;
4674;74;;;;;
4675;29;;;;;
4676;23;;;;;
4677;69;;;;;
4678;18;;;;;
4679;8;;;;;
4680;2;;;;;
4681;36;;;;;
4682;4;;;;;
4683;23;;;;;
4684;52;;;;;
4685;165;;;;;
4686;3;;;;;
4687;19;;;;;
4688;48;;;;;
4689;27;;;;;
4690;114;;;;;
4691;40;;;;;
4692;5;;;;;
4693;104;;;;;
4694;0;;;;;
4695;104;;;;;
4696;2;;;;;
4697;20;;;;;
4698;12;;;;;
4699;68;;;;;
4700;1;;;;;
4701;102;;;;;
4702;113;;;;;
4703;114;;;;;
4704;93;;;;;
4705;46;;;;;
4706;290;;;;;
4707;187;;;;;
4708;85;;;;;
4709;88;;;;;
4710;69;;;;;
4711;3;;;;;
4712;14;;;;;
4713;14;;;;;
4714;29;;;;;
4715;1;;;;;
4716;42;;;;;
4717;0;;;;;
4718;13;;;;;
4719;1;;;;;
4720;46;;;;;
4721;2505;;;;;
4722;35;;;;;
4723;141;;;;;
4724;1301;;;;;
4725;1;;;;;
4726;5;;;;;
4727;1;;;;;
4728;1;;;;;
4729;47;;;;;
4730;22;;;;;
4731;22;;;;;
4732;169;;;;;
4733;17;;;;;
4734;115;;;;;
4735;8;;;;;
4736;37;;;;;
4737;13;;;;;
4738;163;;;;;
4739;43;;;;;
4740;93;;;;;
4741;66;;;;;
4742;113;;;;;
4743;73;;;;;
4744;56;;;;;
4745;35;;;;;
4746;54;;;;;
4747;42;;;;;
4748;278;;;;;
4749;88;;;;;
4750;11;;;;;
4751;2;;;;;
4752;147;;;;;
4753;109;;;;;
4754;28;;;;;
4755;147;;;;;
4756;56;;;;;
4757;45;;;;;
4758;38;;;;;
4759;30;;;;;
4760;84;;;;;
4761;6;;;;;
4762;11;;;;;
4763;1;;;;;
4764;21;;;;;
4765;11;;;;;
4766;5;;;;;
4767;1744;;;;;
4768;17;;;;;
4769;74;;;;;
4770;1736;;;;;
4771;4;;;;;
4772;1792;;;;;
4773;100;;;;;
4774;1800;;;;;
4775;49;;;;;
4776;12;;;;;
4777;1724;;;;;
4778;115;;;;;
4779;1;;;;;
4780;6;;;;;
4781;1;;;;;
4782;4;;;;;
4783;3;;;;;
4784;11;;;;;
4785;1;;;;;
4786;1689;;;;;
4787;32;;;;;
4788;9;;;;;
4789;332;;;;;
4790;23;;;;;
4791;29;;;;;
4792;34;;;;;
4793;15;;;;;
4794;40;;;;;
4795;9;;;;;
4796;141;;;;;
4797;93;;;;;
4798;5;;;;;
4799;4;;;;;
4800;16;;;;;
4801;19;;;;;
4802;17;;;;;
4803;4;;;;;
4804;17;;;;;
4805;141;;;;;
4806;22;;;;;
4807;6;;;;;
4808;156;;;;;
4809;1;;;;;
4810;47;;;;;
4811;10;;;;;
4812;140;;;;;
4813;15;;;;;
4814;3;;;;;
4815;8;;;;;
4816;7;;;;;
4817;136;;;;;
4818;3;;;;;
4819;2;;;;;
4820;19;;;;;
4821;136;;;;;
4822;53;;;;;
4823;41;;;;;
4824;5;;;;;
4825;60;;;;;
4826;34;;;;;
4827;136;;;;;
4828;121;;;;;
4829;201;;;;;
4830;181;;;;;
4831;1;;;;;
4832;120;;;;;
4833;107;;;;;
4834;37;;;;;
4835;247;;;;;
4836;355;;;;;
4837;10;;;;;
4838;10;;;;;
4839;22;;;;;
4840;336;;;;;
4841;33;;;;;
4842;46;;;;;
4843;20;;;;;
4844;205;;;;;
4845;11;;;;;
4846;46;;;;;
4847;397;;;;;
4848;306;;;;;
4849;67;;;;;
4850;1;;;;;
4851;73;;;;;
4852;43;;;;;
4853;1;;;;;
4854;65;;;;;
4855;5;;;;;
4856;5;;;;;
4857;5;;;;;
4858;8;;;;;
4859;1;;;;;
4860;43;;;;;
4861;169;;;;;
4862;90;;;;;
4863;20;;;;;
4864;57;;;;;
4865;39;;;;;
4866;55;;;;;
4867;142;;;;;
4868;43;;;;;
4869;1;;;;;
4870;94;;;;;
4871;11;;;;;
4872;17;;;;;
4873;14;;;;;
4874;17;;;;;
4875;9;;;;;
4876;7;;;;;
4877;17;;;;;
4878;4;;;;;
4879;17;;;;;
4880;0;;;;;
4881;27;;;;;
4882;1;;;;;
4883;37;;;;;
4884;27;;;;;
4885;12;;;;;
4886;11;;;;;
4887;37;;;;;
4888;29;;;;;
4889;10;;;;;
4890;2;;;;;
4891;70;;;;;
4892;126;;;;;
4893;120;;;;;
4894;89;;;;;
4895;20;;;;;
4896;94;;;;;
4897;60;;;;;
4898;52;;;;;
4899;1;;;;;
4900;297;;;;;
4901;1;;;;;
4902;4;;;;;
4903;21;;;;;
4904;192;;;;;
4905;20;;;;;
4906;33;;;;;
4907;87;;;;;
4908;25;;;;;
4909;25;;;;;
4910;53;;;;;
4911;62;;;;;
4912;26;;;;;
4913;93;;;;;
4914;41;;;;;
4915;15;;;;;
4916;85;;;;;
4917;8;;;;;
4918;4;;;;;
4919;2;;;;;
4920;2;;;;;
4921;25;;;;;
4922;7;;;;;
4923;5;;;;;
4924;1;;;;;
4925;1;;;;;
4926;39;;;;;
4927;1;;;;;
4928;292;;;;;
4929;38;;;;;
4930;356;;;;;
4931;3;;;;;
4932;3;;;;;
4933;435;;;;;
4934;3;;;;;
4935;474;;;;;
4936;371;;;;;
4937;216;;;;;
4938;288;;;;;
4939;288;;;;;
4940;73;;;;;
4941;34;;;;;
4942;37;;;;;
4943;49;;;;;
4944;1112;;;;;
4945;269;;;;;
4946;1059;;;;;
4947;185;;;;;
4948;416;;;;;
4949;315;;;;;
4950;446;;;;;
4951;340;;;;;
4952;486;;;;;
4953;1;;;;;
4954;913;;;;;
4955;206;;;;;
4956;2;;;;;
4957;48;;;;;
4958;243;;;;;
4959;43;;;;;
4960;62;;;;;
4961;82;;;;;
4962;141;;;;;
4963;59;;;;;
4964;70;;;;;
4965;130;;;;;
4966;9;;;;;
4967;503;;;;;
4968;101;;;;;
4969;1;;;;;
4970;17;;;;;
4971;22;;;;;
4972;41;;;;;
4973;4;;;;;
4974;12;;;;;
4975;10;;;;;
4976;5;;;;;
4977;12;;;;;
4978;10;;;;;
4979;131;;;;;
4980;16;;;;;
4981;121;;;;;
4982;68;;;;;
4983;67;;;;;
4984;44;;;;;
4985;85;;;;;
4986;21;;;;;
4987;17;;;;;
4988;5;;;;;
4989;182;;;;;
4990;22;;;;;
4991;182;;;;;
4992;140;;;;;
4993;208;;;;;
4994;172;;;;;
4995;147;;;;;
4996;244;;;;;
4997;10;;;;;
4998;484;;;;;
4999;3;;;;;
5000;53;;;;;
5001;126;;;;;
5002;333;;;;;
5003;81;;;;;
5004;5;;;;;
5005;1;;;;;
5006;8;;;;;
5007;8;;;;;
5008;1;;;;;
5009;147;;;;;
5010;154;;;;;
5011;172;;;;;
5012;143;;;;;
5013;207;;;;;
5014;14;;;;;
5015;13;;;;;
5016;13;;;;;
5017;71;;;;;
5018;3;;;;;
5019;7;;;;;
5020;118;;;;;
5021;126;;;;;
5022;131;;;;;
5023;3;;;;;
5024;17;;;;;
5025;34;;;;;
5026;15;;;;;
5027;52;;;;;
5028;16;;;;;
5029;40;;;;;
5030;12;;;;;
5031;32;;;;;
5032;8;;;;;
5033;21;;;;;
5034;18;;;;;
5035;108;;;;;
5036;281;;;;;
5037;230;;;;;
5038;32;;;;;
5039;22;;;;;
5040;33;;;;;
5041;27;;;;;
5042;5;;;;;
5043;1;;;;;
5044;5;;;;;
5045;12;;;;;
5046;2;;;;;
5047;15;;;;;
5048;10;;;;;
5049;8;;;;;
5050;5;;;;;
5051;14;;;;;
5052;8;;;;;
5053;5;;;;;
5054;4;;;;;
5055;21;;;;;
5056;13;;;;;
5057;11;;;;;
5058;14;;;;;
5059;11;;;;;
5060;11;;;;;
5061;2;;;;;
5062;2;;;;;
5063;3;;;;;
5064;20;;;;;
5065;7;;;;;
5066;27;;;;;
5067;359;;;;;
5068;49;;;;;
5069;46;;;;;
5070;5;;;;;
5071;38;;;;;
5072;29;;;;;
5073;229;;;;;
5074;230;;;;;
5075;225;;;;;
5076;252;;;;;
5077;9;;;;;
5078;230;;;;;
5079;222;;;;;
5080;9;;;;;
5081;11;;;;;
5082;7;;;;;
5083;13;;;;;
5084;39;;;;;
5085;2;;;;;
5086;4;;;;;
5087;2;;;;;
5088;2;;;;;
5089;13;;;;;
5090;178;;;;;
5091;163;;;;;
5092;2;;;;;
5093;4;;;;;
5094;6;;;;;
5095;239;;;;;
5096;7;;;;;
5097;1;;;;;
5098;4;;;;;
5099;28;;;;;
5100;8;;;;;
5101;233;;;;;
5102;34;;;;;
5103;208;;;;;
5104;237;;;;;
5105;59;;;;;
5106;57;;;;;
5107;74;;;;;
5108;83;;;;;
5109;1;;;;;
5110;75;;;;;
5111;610;;;;;
5112;19;;;;;
5113;140;;;;;
5114;4;;;;;
5115;8;;;;;
5116;15;;;;;
5117;21;;;;;
5118;20;;;;;
5119;32;;;;;
5120;31;;;;;
5121;2;;;;;
5122;1;;;;;
5123;35;;;;;
5124;23;;;;;
5125;3;;;;;
5126;3;;;;;
5127;0;;;;;
5128;2;;;;;
5129;1;;;;;
5130;0;;;;;
5131;0;;;;;
5132;30;;;;;
5133;1;;;;;
5134;54;;;;;
5135;0;;;;;
5136;54;;;;;
5137;30;;;;;
5138;85;;;;;
5139;53;;;;;
5140;50;;;;;
5141;198;;;;;
5142;47;;;;;
5143;47;;;;;
5144;44;;;;;
5145;1;;;;;
5146;13;;;;;
5147;199;;;;;
5148;27;;;;;
5149;15;;;;;
5150;271;;;;;
5151;15;;;;;
5152;2;;;;;
5153;623;;;;;
5154;707;;;;;
5155;49;;;;;
5156;1;;;;;
5157;4;;;;;
5158;8;;;;;
5159;161;;;;;
5160;512;;;;;
5161;14;;;;;
5162;93;;;;;
5163;511;;;;;
5164;82;;;;;
5165;810;;;;;
5166;720;;;;;
5167;590;;;;;
5168;0;;;;;
5169;230;;;;;
5170;15;;;;;
5171;1;;;;;
5172;2;;;;;
5173;3;;;;;
5174;12;;;;;
5175;25;;;;;
5176;42;;;;;
5177;140;;;;;
5178;347;;;;;
5179;333;;;;;
5180;330;;;;;
5181;328;;;;;
5182;4;;;;;
5183;346;;;;;
5184;3;;;;;
5185;6;;;;;
5186;1;;;;;
5187;184;;;;;
5188;206;;;;;
5189;12;;;;;
5190;20;;;;;
5191;6;;;;;
5192;20;;;;;
5193;61;;;;;
5194;44;;;;;
5195;1;;;;;
5196;84;;;;;
5197;339;;;;;
5198;559;;;;;
5199;0;;;;;
5200;0;;;;;
5201;11;;;;;
5202;542;;;;;
5203;2;;;;;
5204;43;;;;;
5205;45;;;;;
5206;1;;;;;
5207;14;;;;;
5208;5;;;;;
5209;18;;;;;
5210;5;;;;;
5211;320;;;;;
5212;178;;;;;
5213;175;;;;;
5214;8;;;;;
5215;81;;;;;
5216;168;;;;;
5217;15;;;;;
5218;65;;;;;
5219;6;;;;;
5220;9;;;;;
5221;1;;;;;
5222;7;;;;;
5223;25;;;;;
5224;10;;;;;
5225;8;;;;;
5226;11;;;;;
5227;3;;;;;
5228;0;;;;;
5229;196;;;;;
5230;32;;;;;
5231;32;;;;;
5232;63;;;;;
5233;29;;;;;
5234;10;;;;;
5235;4;;;;;
5236;18;;;;;
5237;46;;;;;
5238;18;;;;;
5239;18;;;;;
5240;18;;;;;
5241;442;;;;;
5242;384;;;;;
5243;34;;;;;
5244;363;;;;;
5245;185;;;;;
5246;342;;;;;
5247;1;;;;;
5248;13;;;;;
5249;41;;;;;
5250;41;;;;;
5251;23;;;;;
5252;23;;;;;
5253;22;;;;;
5254;27;;;;;
5255;35;;;;;
5256;1;;;;;
5257;58;;;;;
5258;10;;;;;
5259;3;;;;;
5260;17;;;;;
5261;19;;;;;
5262;1;;;;;
5263;19;;;;;
5264;275;;;;;
5265;112;;;;;
5266;48;;;;;
5267;73;;;;;
5268;21;;;;;
5269;121;;;;;
5270;107;;;;;
5271;29;;;;;
5272;10;;;;;
5273;13;;;;;
5274;209;;;;;
5275;127;;;;;
5276;119;;;;;
5277;154;;;;;
5278;103;;;;;
5279;91;;;;;
5280;324;;;;;
5281;1434;;;;;
5282;17;;;;;
5283;121;;;;;
5284;10;;;;;
5285;23;;;;;
5286;4;;;;;
5287;17;;;;;
5288;51;;;;;
5289;87;;;;;
5290;53;;;;;
5291;155;;;;;
5292;1;;;;;
5293;214;;;;;
5294;80;;;;;
5295;52;;;;;
5296;135;;;;;
5297;6;;;;;
5298;3;;;;;
5299;6;;;;;
5300;42;;;;;
5301;5;;;;;
5302;42;;;;;
5303;39;;;;;
5304;274;;;;;
5305;282;;;;;
5306;287;;;;;
5307;185;;;;;
5308;47;;;;;
5309;1;;;;;
5310;240;;;;;
5311;26;;;;;
5312;16;;;;;
5313;20;;;;;
5314;79;;;;;
5315;41;;;;;
5316;29;;;;;
5317;3;;;;;
5318;94;;;;;
5319;144;;;;;
5320;139;;;;;
5321;55;;;;;
5322;31;;;;;
5323;2;;;;;
5324;9;;;;;
5325;197;;;;;
5326;232;;;;;
5327;21;;;;;
5328;185;;;;;
5329;114;;;;;
5330;127;;;;;
5331;112;;;;;
5332;2;;;;;
5333;14;;;;;
5334;67;;;;;
5335;57;;;;;
5336;20;;;;;
5337;114;;;;;
5338;8;;;;;
5339;114;;;;;
5340;162;;;;;
5341;16;;;;;
5342;176;;;;;
5343;20;;;;;
5344;139;;;;;
5345;14;;;;;
5346;14;;;;;
5347;20;;;;;
5348;42;;;;;
5349;33;;;;;
5350;36;;;;;
5351;0;;;;;
5352;37;;;;;
5353;75;;;;;
5354;218;;;;;
5355;251;;;;;
5356;72;;;;;
5357;56;;;;;
5358;13;;;;;
5359;56;;;;;
5360;541;;;;;
5361;54;;;;;
5362;613;;;;;
5363;8;;;;;
5364;639;;;;;
5365;777;;;;;
5366;20;;;;;
5367;97;;;;;
5368;86;;;;;
5369;83;;;;;
5370;92;;;;;
5371;21;;;;;
5372;91;;;;;
5373;31;;;;;
5374;36;;;;;
5375;2;;;;;
5376;15;;;;;
5377;304;;;;;
5378;53;;;;;
5379;10;;;;;
5380;69;;;;;
5381;40;;;;;
5382;28;;;;;
5383;30;;;;;
5384;50;;;;;
5385;66;;;;;
5386;12;;;;;
5387;89;;;;;
5388;100;;;;;
5389;21;;;;;
5390;126;;;;;
5391;146;;;;;
5392;183;;;;;
5393;249;;;;;
5394;254;;;;;
5395;16;;;;;
5396;254;;;;;
5397;7;;;;;
5398;18;;;;;
5399;12;;;;;
5400;68;;;;;
5401;1;;;;;
5402;1;;;;;
5403;222;;;;;
5404;54;;;;;
5405;103;;;;;
5406;54;;;;;
5407;12;;;;;
5408;74;;;;;
5409;84;;;;;
5410;17;;;;;
5411;45;;;;;
5412;26;;;;;
5413;76;;;;;
5414;26;;;;;
5415;34;;;;;
5416;25;;;;;
5417;26;;;;;
5418;56;;;;;
5419;92;;;;;
5420;66;;;;;
5421;66;;;;;
5422;91;;;;;
5423;59;;;;;
5424;46;;;;;
5425;84;;;;;
5426;91;;;;;
5427;142;;;;;
5428;53;;;;;
5429;41;;;;;
5430;478;;;;;
5431;14;;;;;
5432;478;;;;;
5433;7;;;;;
5434;478;;;;;
5435;53;;;;;
5436;23;;;;;
5437;520;;;;;
5438;2019;;;;;
5439;80;;;;;
5440;2250;;;;;
5441;2195;;;;;
5442;78;;;;;
5443;3142;;;;;
5444;36;;;;;
5445;74;;;;;
5446;129;;;;;
5447;3971;;;;;
5448;3743;;;;;
5449;2943;;;;;
5450;2353;;;;;
5451;6;;;;;
5452;73;;;;;
5453;141;;;;;
5454;64;;;;;
5455;595;;;;;
5456;254;;;;;
5457;37;;;;;
5458;177;;;;;
5459;1201;;;;;
5460;167;;;;;
5461;2225;;;;;
5462;351;;;;;
5463;1814;;;;;
5464;260;;;;;
5465;1100;;;;;
5466;3724;;;;;
5467;42;;;;;
5468;20;;;;;
5469;26;;;;;
5470;44;;;;;
5471;1;;;;;
5472;22;;;;;
5473;16;;;;;
5474;2;;;;;
5475;98;;;;;
5476;22;;;;;
5477;36;;;;;
5478;15;;;;;
5479;26;;;;;
5480;196;;;;;
5481;4;;;;;
5482;19;;;;;
5483;32;;;;;
5484;57;;;;;
5485;1106;;;;;
5486;1;;;;;
5487;279;;;;;
5488;9;;;;;
5489;10;;;;;
5490;2;;;;;
5491;277;;;;;
5492;17;;;;;
5493;284;;;;;
5494;6;;;;;
5495;25;;;;;
5496;56;;;;;
5497;28;;;;;
5498;3;;;;;
5499;103;;;;;
5500;87;;;;;
5501;2;;;;;
5502;105;;;;;
5503;54;;;;;
5504;34;;;;;
5505;117;;;;;
5506;4;;;;;
5507;2;;;;;
5508;9;;;;;
5509;11;;;;;
5510;19;;;;;
5511;5;;;;;
5512;19;;;;;
5513;53;;;;;
5514;34;;;;;
5515;13;;;;;
5516;7;;;;;
5517;27;;;;;
5518;18;;;;;
5519;53;;;;;
5520;30;;;;;
5521;168;;;;;
5522;13;;;;;
5523;2;;;;;
5524;19;;;;;
5525;72;;;;;
5526;1553;;;;;
5527;4;;;;;
5528;117;;;;;
5529;117;;;;;
5530;8;;;;;
5531;1;;;;;
5532;19;;;;;
5533;24;;;;;
5534;2;;;;;
5535;9;;;;;
5536;4;;;;;
5537;15;;;;;
5538;45;;;;;
5539;12;;;;;
5540;0;;;;;
5541;16;;;;;
5542;4;;;;;
5543;1;;;;;
5544;25;;;;;
5545;6;;;;;
5546;52;;;;;
5547;50;;;;;
5548;87;;;;;
5549;12;;;;;
5550;76;;;;;
5551;58;;;;;
5552;42;;;;;
5553;115;;;;;
5554;69;;;;;
5555;157;;;;;
5556;66;;;;;
5557;91;;;;;
5558;22;;;;;
5559;32;;;;;
5560;3;;;;;
5561;1;;;;;
5562;9;;;;;
5563;211;;;;;
5564;119;;;;;
5565;31;;;;;
5566;45;;;;;
5567;3;;;;;
5568;3;;;;;
5569;151;;;;;
5570;21;;;;;
5571;297;;;;;
5572;7;;;;;
5573;6;;;;;
5574;84;;;;;
5575;59;;;;;
5576;162;;;;;
5577;174;;;;;
5578;90;;;;;
5579;6;;;;;
5580;41;;;;;
5581;17;;;;;
5582;15;;;;;
5583;13;;;;;
5584;3;;;;;
5585;116;;;;;
5586;2;;;;;
5587;12;;;;;
5588;4;;;;;
5589;8;;;;;
5590;11;;;;;
5591;15;;;;;
5592;109;;;;;
5593;25;;;;;
5594;29;;;;;
5595;109;;;;;
5596;1;;;;;
5597;53;;;;;
5598;21;;;;;
5599;37;;;;;
5600;24;;;;;
5601;89;;;;;
5602;71;;;;;
5603;69;;;;;
5604;7;;;;;
5605;16;;;;;
5606;42;;;;;
5607;93;;;;;
5608;120;;;;;
5609;94;;;;;
5610;16;;;;;
5611;98;;;;;
5612;92;;;;;
5613;4;;;;;
5614;105;;;;;
5615;45;;;;;
5616;28;;;;;
5617;3;;;;;
5618;22;;;;;
5619;10;;;;;
5620;25;;;;;
5621;34;;;;;
5622;4;;;;;
5623;20;;;;;
5624;15;;;;;
5625;44;;;;;
5626;50;;;;;
5627;108;;;;;
5628;15;;;;;
5629;8;;;;;
5630;13;;;;;
5631;22;;;;;
5632;62;;;;;
5633;14;;;;;
5634;91;;;;;
5635;18;;;;;
5636;88;;;;;
5637;13;;;;;
5638;52;;;;;
5639;30;;;;;
5640;12;;;;;
5641;6;;;;;
5642;28;;;;;
5643;40;;;;;
5644;20;;;;;
5645;1;;;;;
5646;3;;;;;
5647;9;;;;;
5648;5;;;;;
5649;4;;;;;
5650;3;;;;;
5651;4;;;;;
5652;18;;;;;
5653;23;;;;;
5654;54;;;;;
5655;2;;;;;
5656;131;;;;;
5657;182;;;;;
5658;23;;;;;
5659;21;;;;;
5660;13;;;;;
5661;14;;;;;
5662;13;;;;;
5663;1;;;;;
5664;1;;;;;
5665;1;;;;;
5666;1;;;;;
5667;8;;;;;
5668;33;;;;;
5669;35;;;;;
5670;19;;;;;
5671;40;;;;;
5672;36;;;;;
5673;6;;;;;
5674;1;;;;;
5675;43;;;;;
5676;5;;;;;
5677;2;;;;;
5678;3;;;;;
5679;23;;;;;
5680;1;;;;;
5681;16;;;;;
5682;1;;;;;
5683;14;;;;;
5684;22;;;;;
5685;93;;;;;
5686;99;;;;;
5687;21;;;;;
5688;4;;;;;
5689;30;;;;;
5690;113;;;;;
5691;152;;;;;
5692;15;;;;;
5693;95;;;;;
5694;13;;;;;
5695;1;;;;;
5696;14;;;;;
5697;96;;;;;
5698;65;;;;;
5699;6;;;;;
5700;499;;;;;
5701;122;;;;;
5702;60;;;;;
5703;1029;;;;;
5704;1004;;;;;
5705;132;;;;;
5706;1213;;;;;
5707;825;;;;;
5708;139;;;;;
5709;133;;;;;
5710;753;;;;;
5711;41;;;;;
5712;45;;;;;
5713;15;;;;;
5714;6;;;;;
5715;13;;;;;
5716;29;;;;;
5717;1;;;;;
5718;9;;;;;
5719;14;;;;;
5720;3;;;;;
5721;10;;;;;
5722;10;;;;;
5723;60;;;;;
5724;129;;;;;
5725;53;;;;;
5726;87;;;;;
5727;9;;;;;
5728;3;;;;;
5729;37;;;;;
5730;24;;;;;
5731;9;;;;;
5732;45;;;;;
5733;2;;;;;
5734;55;;;;;
5735;4;;;;;
5736;7;;;;;
5737;5;;;;;
5738;3;;;;;
5739;3;;;;;
5740;385;;;;;
5741;335;;;;;
5742;1;;;;;
5743;1;;;;;
5744;5;;;;;
5745;8;;;;;
5746;4;;;;;
5747;345;;;;;
5748;221;;;;;
5749;797;;;;;
5750;880;;;;;
5751;479;;;;;
5752;480;;;;;
5753;11;;;;;
5754;67;;;;;
5755;16;;;;;
5756;5;;;;;
5757;846;;;;;
5758;42;;;;;
5759;135;;;;;
5760;152;;;;;
5761;127;;;;;
5762;69;;;;;
5763;21;;;;;
5764;11;;;;;
5765;7;;;;;
5766;20;;;;;
5767;8;;;;;
5768;4;;;;;
5769;7;;;;;
5770;7;;;;;
5771;9;;;;;
5772;6;;;;;
5773;28;;;;;
5774;28;;;;;
5775;9;;;;;
5776;14;;;;;
5777;2;;;;;
5778;5;;;;;
5779;13;;;;;
5780;13;;;;;
5781;38;;;;;
5782;91;;;;;
5783;352;;;;;
5784;788;;;;;
5785;1168;;;;;
5786;499;;;;;
5787;14;;;;;
5788;229;;;;;
5789;137;;;;;
5790;137;;;;;
5791;125;;;;;
5792;13;;;;;
5793;2;;;;;
5794;11;;;;;
5795;1;;;;;
5796;28;;;;;
5797;122;;;;;
5798;126;;;;;
5799;139;;;;;
5800;149;;;;;
5801;162;;;;;
5802;162;;;;;
5803;16;;;;;
5804;4;;;;;
5805;1;;;;;
5806;10;;;;;
5807;4;;;;;
5808;48;;;;;
5809;50;;;;;
5810;11;;;;;
5811;10;;;;;
5812;9;;;;;
5813;3;;;;;
5814;16;;;;;
5815;1;;;;;
5816;17;;;;;
5817;98;;;;;
5818;95;;;;;
5819;126;;;;;
5820;137;;;;;
5821;141;;;;;
5822;9;;;;;
5823;7;;;;;
5824;2;;;;;
5825;42;;;;;
5826;248;;;;;
5827;1;;;;;
5828;247;;;;;
5829;14;;;;;
5830;41;;;;;
5831;63;;;;;
5832;105;;;;;
5833;3;;;;;
5834;3;;;;;
5835;19;;;;;
5836;9;;;;;
5837;3;;;;;
5838;32;;;;;
5839;35;;;;;
5840;41;;;;;
5841;42;;;;;
5842;47;;;;;
5843;8;;;;;
5844;1;;;;;
5845;10;;;;;
5846;68;;;;;
5847;65;;;;;
5848;37;;;;;
5849;24;;;;;
5850;23;;;;;
5851;33;;;;;
5852;17;;;;;
5853;7;;;;;
5854;21;;;;;
5855;425;;;;;
5856;3;;;;;
5857;2;;;;;
5858;21;;;;;
5859;10;;;;;
5860;7;;;;;
5861;11;;;;;
5862;12;;;;;
5863;45;;;;;
5864;168;;;;;
5865;1;;;;;
5866;10;;;;;
5867;19;;;;;
5868;27;;;;;
5869;73;;;;;
5870;11;;;;;
5871;205;;;;;
5872;1;;;;;
5873;31;;;;;
5874;79;;;;;
5875;199;;;;;
5876;13;;;;;
5877;707;;;;;
5878;707;;;;;
5879;707;;;;;
5880;715;;;;;
5881;26;;;;;
5882;434;;;;;
5883;1;;;;;
5884;454;;;;;
5885;4;;;;;
5886;992;;;;;
5887;1;;;;;
5888;2;;;;;
5889;0;;;;;
5890;125;;;;;
5891;8;;;;;
5892;44;;;;;
5893;95;;;;;
5894;20;;;;;
5895;338;;;;;
5896;443;;;;;
5897;81;;;;;
5898;74;;;;;
5899;155;;;;;
5900;60;;;;;
5901;15;;;;;
5902;5;;;;;
5903;578;;;;;
5904;636;;;;;
5905;397;;;;;
5906;0;;;;;
5907;399;;;;;
5908;7;;;;;
5909;14;;;;;
5910;5;;;;;
5911;2;;;;;
5912;399;;;;;
5913;1;;;;;
5914;1;;;;;
5915;2;;;;;
5916;401;;;;;
5917;1;;;;;
5918;3;;;;;
5919;9;;;;;
5920;10;;;;;
5921;76;;;;;
5922;16;;;;;
5923;16;;;;;
5924;9;;;;;
5925;6;;;;;
5926;12;;;;;
5927;462;;;;;
5928;473;;;;;
5929;0;;;;;
5930;1;;;;;
5931;12;;;;;
5932;10;;;;;
5933;18;;;;;
5934;77;;;;;
5935;4;;;;;
5936;26;;;;;
5937;5;;;;;
5938;59;;;;;
5939;94;;;;;
5940;6;;;;;
5941;7;;;;;
5942;4;;;;;
5943;22;;;;;
5944;10;;;;;
5945;107;;;;;
5946;6;;;;;
5947;31;;;;;
5948;7;;;;;
5949;87;;;;;
5950;10;;;;;
5951;39;;;;;
5952;199;;;;;
5953;191;;;;;
5954;24;;;;;
5955;175;;;;;
5956;123;;;;;
5957;76;;;;;
5958;4;;;;;
5959;46;;;;;
5960;342;;;;;
5961;24;;;;;
5962;100;;;;;
5963;26;;;;;
5964;26;;;;;
5965;288;;;;;
5966;137;;;;;
5967;2;;;;;
5968;24;;;;;
5969;4;;;;;
5970;30;;;;;
5971;10;;;;;
5972;142;;;;;
5973;119;;;;;
5974;9;;;;;
5975;11;;;;;
5976;1;;;;;
5977;2;;;;;
5978;4;;;;;
5979;104;;;;;
5980;64;;;;;
5981;81;;;;;
5982;130;;;;;
5983;172;;;;;
5984;180;;;;;
5985;18;;;;;
5986;341;;;;;
5987;4;;;;;
5988;357;;;;;
5989;9;;;;;
5990;375;;;;;
5991;47;;;;;
5992;239;;;;;
5993;14;;;;;
5994;1;;;;;
5995;4;;;;;
5996;47;;;;;
5997;60;;;;;
5998;8;;;;;
5999;6;;;;;
6000;6;;;;;
6001;4;;;;;
6002;2;;;;;
6003;2;;;;;
6004;51;;;;;
6005;8;;;;;
6006;2;;;;;
6007;13;;;;;
6008;4;;;;;
6009;11;;;;;
6010;4;;;;;
6011;4;;;;;
6012;4;;;;;
6013;2;;;;;
6014;7;;;;;
6015;3;;;;;
6016;81;;;;;
6017;9;;;;;
6018;30;;;;;
6019;1;;;;;
6020;19;;;;;
6021;49;;;;;
6022;20;;;;;
6023;8;;;;;
6024;11;;;;;
6025;25;;;;;
6026;9;;;;;
6027;18;;;;;
6028;11;;;;;
6029;20;;;;;
6030;28;;;;;
6031;4;;;;;
6032;7;;;;;
6033;524;;;;;
6034;406;;;;;
6035;1;;;;;
6036;5;;;;;
6037;21;;;;;
6038;21;;;;;
6039;8;;;;;
6040;12;;;;;
6041;50;;;;;
6042;12;;;;;
6043;18;;;;;
6044;11;;;;;
6045;4;;;;;
6046;228;;;;;
6047;235;;;;;
6048;1;;;;;
6049;5;;;;;
6050;18;;;;;
6051;9;;;;;
6052;54;;;;;
6053;38;;;;;
6054;2;;;;;
6055;6;;;;;
6056;5;;;;;
6057;1;;;;;
6058;1;;;;;
6059;25;;;;;
6060;21;;;;;
6061;1;;;;;
6062;182;;;;;
6063;97;;;;;
6064;92;;;;;
6065;0;;;;;
6066;260;;;;;
6067;44;;;;;
6068;753;;;;;
6069;256;;;;;
6070;3;;;;;
6071;42;;;;;
6072;22;;;;;
6073;7;;;;;
6074;9;;;;;
6075;9;;;;;
6076;8;;;;;
6077;10;;;;;
6078;1050;;;;;
6079;46;;;;;
6080;33;;;;;
6081;186;;;;;
6082;118;;;;;
6083;54;;;;;
6084;5;;;;;
6085;22;;;;;
6086;2;;;;;
6087;201;;;;;
6088;11;;;;;
6089;191;;;;;
6090;3;;;;;
6091;315;;;;;
6092;132;;;;;
6093;15;;;;;
6094;118;;;;;
6095;5;;;;;
6096;3;;;;;
6097;21;;;;;
6098;1;;;;;
6099;14;;;;;
6100;19;;;;;
6101;4;;;;;
6102;465;;;;;
6103;74;;;;;
6104;579;;;;;
6105;9;;;;;
6106;162;;;;;
6107;923;;;;;
6108;1050;;;;;
6109;555;;;;;
6110;1;;;;;
6111;142;;;;;
6112;426;;;;;
6113;25;;;;;
6114;26;;;;;
6115;8;;;;;
6116;4;;;;;
6117;8;;;;;
6118;56;;;;;
6119;91;;;;;
6120;3;;;;;
6121;932;;;;;
6122;521;;;;;
6123;64;;;;;
6124;65;;;;;
6125;4;;;;;
6126;26;;;;;
6127;1208;;;;;
6128;9;;;;;
6129;24;;;;;
6130;354;;;;;
6131;7;;;;;
6132;2;;;;;
6133;1;;;;;
6134;189;;;;;
6135;37;;;;;
6136;127;;;;;
6137;48;;;;;
6138;1012;;;;;
6139;716;;;;;
6140;348;;;;;
6141;2821;;;;;
6142;42;;;;;
6143;84;;;;;
6144;17;;;;;
6145;45;;;;;
6146;282;;;;;
6147;62;;;;;
6148;17;;;;;
6149;7;;;;;
6150;79;;;;;
6151;10;;;;;
6152;45;;;;;
6153;151;;;;;
6154;100;;;;;
6155;6;;;;;
6156;17;;;;;
6157;72;;;;;
6158;5;;;;;
6159;5;;;;;
6160;26;;;;;
6161;8;;;;;
6162;72;;;;;
6163;3;;;;;
6164;128;;;;;
6165;3;;;;;
6166;12;;;;;
6167;1;;;;;
6168;1;;;;;
6169;4140;;;;;
6170;312;;;;;
6171;19;;;;;
6172;67;;;;;
6173;63;;;;;
6174;13;;;;;
6175;167;;;;;
6176;4;;;;;
6177;69;;;;;
6178;20;;;;;
6179;23;;;;;
6180;62;;;;;
6181;4;;;;;
6182;28;;;;;
6183;5;;;;;
6184;12;;;;;
6185;577;;;;;
6186;142;;;;;
6187;8;;;;;
6188;38;;;;;
6189;537;;;;;
6190;184;;;;;
6191;16;;;;;
6192;12;;;;;
6193;22;;;;;
6194;12;;;;;
6195;124;;;;;
6196;7;;;;;
6197;480;;;;;
6198;54;;;;;
6199;11;;;;;
6200;17;;;;;
6201;402;;;;;
6202;368;;;;;
6203;1083;;;;;
6204;31;;;;;
6205;324;;;;;
6206;32;;;;;
6207;76;;;;;
6208;10;;;;;
6209;627;;;;;
6210;1137;;;;;
6211;190;;;;;
6212;1;;;;;
6213;109;;;;;
6214;43;;;;;
6215;17;;;;;
6216;189;;;;;
6217;1714;;;;;
6218;992;;;;;
6219;135;;;;;
6220;4;;;;;
6221;55;;;;;
6222;3909;;;;;
6223;720;;;;;
6224;31;;;;;
6225;47;;;;;
6226;2;;;;;
6227;4;;;;;
6228;1;;;;;
6229;1;;;;;
6230;45;;;;;
6231;1003;;;;;
6232;1578;;;;;
6233;1;;;;;
6234;1;;;;;
6235;7;;;;;
6236;7;;;;;
6237;3;;;;;
6238;1;;;;;
6239;21;;;;;
6240;4;;;;;
6241;41;;;;;
6242;348;;;;;
6243;271;;;;;
6244;453;;;;;
6245;5;;;;;
6246;403;;;;;
6247;28;;;;;
6248;5;;;;;
6249;90;;;;;
6250;332;;;;;
6251;7;;;;;
6252;29;;;;;
6253;1211;;;;;
6254;210;;;;;
6255;143;;;;;
6256;79;;;;;
6257;2359;;;;;
6258;9;;;;;
6259;35;;;;;
6260;569;;;;;
6261;799;;;;;
6262;1043;;;;;
6263;78;;;;;
6264;1;;;;;
6265;13;;;;;
6266;11;;;;;
6267;0;;;;;
6268;0;;;;;
6269;45;;;;;
6270;87;;;;;
6271;95;;;;;
6272;58;;;;;
6273;4;;;;;
6274;5;;;;;
6275;4;;;;;
6276;2;;;;;
6277;57;;;;;
6278;20;;;;;
6279;2075;;;;;
6280;1256;;;;;
6281;13;;;;;
6282;640;;;;;
6283;4;;;;;
6284;8;;;;;
6285;10;;;;;
6286;18;;;;;
6287;107;;;;;
6288;45;;;;;
6289;4;;;;;
6290;127;;;;;
6291;331;;;;;
6292;16;;;;;
6293;74;;;;;
6294;209;;;;;
6295;19;;;;;
6296;4274;;;;;
6297;69;;;;;
6298;1874;;;;;
6299;594;;;;;
6300;1;;;;;
6301;1;;;;;
6302;31;;;;;
6303;68;;;;;
6304;33;;;;;
6305;109;;;;;
6306;21;;;;;
6307;45;;;;;
6308;10;;;;;
6309;2;;;;;
6310;3;;;;;
6311;2;;;;;
6312;95;;;;;
6313;2;;;;;
6314;2;;;;;
6315;1;;;;;
6316;57;;;;;
6317;115;;;;;
6318;3;;;;;
6319;104;;;;;
6320;210;;;;;
6321;100;;;;;
6322;79;;;;;
6323;53;;;;;
6324;10;;;;;
6325;5;;;;;
6326;127;;;;;
6327;32;;;;;
6328;22;;;;;
6329;92;;;;;
6330;31;;;;;
6331;3;;;;;
6332;2;;;;;
6333;154;;;;;
6334;1282;;;;;
6335;32;;;;;
6336;8;;;;;
6337;1;;;;;
6338;16;;;;;
6339;8;;;;;
6340;1292;;;;;
6341;38;;;;;
6342;1;;;;;
6343;1;;;;;
6344;4;;;;;
6345;32;;;;;
6346;5;;;;;
6347;8;;;;;
6348;135;;;;;
6349;61;;;;;
6350;129;;;;;
6351;149;;;;;
6352;122;;;;;
6353;426;;;;;
6354;3;;;;;
6355;8;;;;;
6356;24;;;;;
6357;99;;;;;
6358;4;;;;;
6359;1;;;;;
6360;1;;;;;
6361;2;;;;;
6362;1;;;;;
6363;3;;;;;
6364;3;;;;;
6365;56;;;;;
6366;3;;;;;
6367;6;;;;;
6368;3;;;;;
6369;164;;;;;
6370;64;;;;;
6371;31;;;;;
6372;172;;;;;
6373;13;;;;;
6374;29;;;;;
6375;74;;;;;
6376;8;;;;;
6377;28;;;;;
6378;2;;;;;
6379;5;;;;;
6380;4;;;;;
6381;35;;;;;
6382;6;;;;;
6383;13;;;;;
6384;1;;;;;
6385;10;;;;;
6386;262;;;;;
6387;40;;;;;
6388;4;;;;;
6389;2;;;;;
6390;369;;;;;
6391;3;;;;;
6392;47;;;;;
6393;3;;;;;
6394;94;;;;;
6395;9;;;;;
6396;2560;;;;;
6397;19;;;;;
6398;11;;;;;
6399;5;;;;;
6400;1;;;;;
6401;11;;;;;
6402;2;;;;;
6403;7;;;;;
6404;19;;;;;
6405;1;;;;;
6406;5;;;;;
6407;17;;;;;
6408;192;;;;;
6409;843;;;;;
6410;2;;;;;
6411;6;;;;;
6412;13;;;;;
6413;22;;;;;
6414;3;;;;;
6415;120;;;;;
6416;3;;;;;
6417;3;;;;;
6418;1;;;;;
6419;6;;;;;
6420;94;;;;;
6421;3;;;;;
6422;1;;;;;
6423;402;;;;;
6424;13;;;;;
6425;3;;;;;
6426;3;;;;;
6427;138;;;;;
6428;2;;;;;
6429;33;;;;;
6430;19;;;;;
6431;1;;;;;
6432;19;;;;;
6433;17;;;;;
6434;3;;;;;
6435;45;;;;;
6436;386;;;;;
6437;10;;;;;
6438;8;;;;;
6439;23;;;;;
6440;171;;;;;
6441;14;;;;;
6442;1615;;;;;
6443;163;;;;;
6444;26;;;;;
6445;1052;;;;;
6446;1;;;;;
6447;5;;;;;
6448;10;;;;;
6449;9;;;;;
6450;254;;;;;
6451;6;;;;;
6452;299;;;;;
6453;1;;;;;
6454;5;;;;;
6455;21;;;;;
6456;37;;;;;
6457;6;;;;;
6458;35;;;;;
6459;8;;;;;
6460;6;;;;;
6461;14;;;;;
6462;21;;;;;
6463;160;;;;;
6464;8;;;;;
6465;4;;;;;
6466;12;;;;;
6467;4;;;;;
6468;141;;;;;
6469;1;;;;;
6470;9;;;;;
6471;278;;;;;
6472;176;;;;;
6473;12;;;;;
6474;0;;;;;
6475;2;;;;;
6476;20;;;;;
6477;164;;;;;
6478;16;;;;;
6479;8;;;;;
6480;3;;;;;
6481;88;;;;;
6482;2;;;;;
6483;12;;;;;
6484;4;;;;;
6485;15;;;;;
6486;4;;;;;
6487;4;;;;;
6488;0;;;;;
6489;2;;;;;
6490;6;;;;;
6491;15;;;;;
6492;54;;;;;
6493;77;;;;;
6494;13;;;;;
6495;2;;;;;
6496;14;;;;;
6497;1;;;;;
6498;15;;;;;
6499;60;;;;;
6500;43;;;;;
6501;1;;;;;
6502;10;;;;;
6503;77;;;;;
6504;235;;;;;
6505;19;;;;;
6506;2;;;;;
6507;7;;;;;
6508;1;;;;;
6509;2;;;;;
6510;18;;;;;
6511;1;;;;;
6512;2;;;;;
6513;76;;;;;
6514;15;;;;;
6515;1;;;;;
6516;6;;;;;
6517;81;;;;;
6518;86;;;;;
6519;1;;;;;
6520;61;;;;;
6521;285;;;;;
6522;1;;;;;
6523;3;;;;;
6524;9;;;;;
6525;2;;;;;
6526;113;;;;;
6527;53;;;;;
6528;2;;;;;
6529;5;;;;;
6530;1;;;;;
6531;2;;;;;
6532;49;;;;;
6533;7;;;;;
6534;3;;;;;
6535;5;;;;;
6536;1;;;;;
6537;14;;;;;
6538;38;;;;;
6539;1;;;;;
6540;20;;;;;
6541;71;;;;;
6542;279;;;;;
6543;9;;;;;
6544;1;;;;;
6545;18;;;;;
6546;5;;;;;
6547;3;;;;;
6548;6;;;;;
6549;11;;;;;
6550;12;;;;;
6551;3;;;;;
6552;7;;;;;
6553;35;;;;;
6554;6;;;;;
6555;14;;;;;
6556;1;;;;;
6557;29;;;;;
6558;11;;;;;
6559;11;;;;;
6560;14;;;;;
6561;4;;;;;
6562;3;;;;;
6563;25;;;;;
6564;9;;;;;
6565;1;;;;;
6566;162;;;;;
6567;113;;;;;
6568;5;;;;;
6569;9;;;;;
6570;1;;;;;
6571;16;;;;;
6572;1;;;;;
6573;111;;;;;
6574;111;;;;;
6575;19;;;;;
6576;14;;;;;
6577;18;;;;;
6578;11;;;;;
6579;15;;;;;
6580;36;;;;;
6581;1;;;;;
6582;11;;;;;
6583;6;;;;;
6584;1;;;;;
6585;1;;;;;
6586;17;;;;;
6587;2;;;;;
6588;3;;;;;
6589;8;;;;;
6590;68;;;;;
6591;11;;;;;
6592;163;;;;;
6593;12;;;;;
6594;3;;;;;
6595;72;;;;;
6596;970;;;;;
6597;107;;;;;
6598;5;;;;;
6599;288;;;;;
6600;132;;;;;
6601;3;;;;;
6602;104;;;;;
6603;39;;;;;
6604;122;;;;;
6605;9;;;;;
6606;5;;;;;
6607;119;;;;;
6608;14;;;;;
6609;26;;;;;
6610;72;;;;;
6611;12;;;;;
6612;6;;;;;
6613;9;;;;;
6614;6;;;;;
6615;3;;;;;
6616;35;;;;;
6617;203;;;;;
6618;100;;;;;
6619;1;;;;;
6620;35;;;;;
6621;1;;;;;
6622;2;;;;;
6623;108;;;;;
6624;10;;;;;
6625;11;;;;;
6626;24;;;;;
6627;16;;;;;
6628;30;;;;;
6629;2;;;;;
6630;904;;;;;
6631;596;;;;;
6632;13;;;;;
6633;36;;;;;
6634;19;;;;;
6635;7;;;;;
6636;8;;;;;
6637;2;;;;;
6638;4;;;;;
6639;495;;;;;
6640;66;;;;;
6641;1;;;;;
6642;17;;;;;
6643;27;;;;;
6644;2;;;;;
6645;9;;;;;
6646;2;;;;;
6647;25;;;;;
6648;30;;;;;
6649;453;;;;;
6650;157;;;;;
6651;391;;;;;
6652;20;;;;;
6653;4;;;;;
6654;489;;;;;
6655;939;;;;;
6656;78;;;;;
6657;770;;;;;
6658;44;;;;;
6659;22;;;;;
6660;8;;;;;
6661;74;;;;;
6662;649;;;;;
6663;484;;;;;
6664;596;;;;;
6665;3;;;;;
6666;13;;;;;
6667;12;;;;;
6668;7;;;;;
6669;24;;;;;
6670;11;;;;;
6671;2;;;;;
6672;126;;;;;
6673;15;;;;;
6674;43;;;;;
6675;2;;;;;
6676;8;;;;;
6677;37;;;;;
6678;4;;;;;
6679;44;;;;;
6680;18;;;;;
6681;1;;;;;
6682;10;;;;;
6683;2;;;;;
6684;2;;;;;
6685;1;;;;;
6686;551;;;;;
6687;582;;;;;
6688;1;;;;;
6689;6;;;;;
6690;3;;;;;
6691;7;;;;;
6692;1;;;;;
6693;44;;;;;
6694;46;;;;;
6695;23;;;;;
6696;1;;;;;
6697;2;;;;;
6698;8;;;;;
6699;25;;;;;
6700;23;;;;;
6701;42;;;;;
6702;57;;;;;
6703;3;;;;;
6704;9;;;;;
6705;1;;;;;
6706;2;;;;;
6707;4;;;;;
6708;2;;;;;
6709;4;;;;;
6710;1;;;;;
6711;1;;;;;
6712;52;;;;;
6713;1;;;;;
6714;1;;;;;
6715;17;;;;;
6716;7;;;;;
6717;4;;;;;
6718;7;;;;;
6719;2;;;;;
6720;23;;;;;
6721;6;;;;;
6722;5;;;;;
6723;4;;;;;
6724;2;;;;;
6725;7;;;;;
6726;5;;;;;
6727;265;;;;;
6728;2;;;;;
6729;4;;;;;
6730;14;;;;;
6731;1;;;;;
6732;8;;;;;
6733;1;;;;;
6734;26;;;;;
6735;1;;;;;
6736;4;;;;;
6737;108;;;;;
6738;1;;;;;
6739;2;;;;;
6740;1;;;;;
6741;26;;;;;
6742;26;;;;;
6743;6;;;;;
6744;180;;;;;
6745;10;;;;;
6746;8;;;;;
6747;9;;;;;
6748;3;;;;;
6749;145;;;;;
6750;123;;;;;
6751;18;;;;;
6752;0;;;;;
6753;6;;;;;
6754;0;;;;;
6755;10;;;;;
6756;2;;;;;
6757;196;;;;;
6758;421;;;;;
6759;31;;;;;
6760;607;;;;;
6761;139;;;;;
6762;15;;;;;
6763;5;;;;;
6764;3;;;;;
6765;1;;;;;
6766;6;;;;;
6767;6;;;;;
6768;26;;;;;
6769;194;;;;;
6770;4;;;;;
6771;11;;;;;
6772;2;;;;;
6773;1;;;;;
6774;28;;;;;
6775;6;;;;;
6776;275;;;;;
6777;1;;;;;
6778;57;;;;;
6779;12;;;;;
6780;9;;;;;
6781;37;;;;;
6782;50;;;;;
6783;2;;;;;
6784;199;;;;;
6785;87;;;;;
6786;1;;;;;
6787;8;;;;;
6788;260;;;;;
6789;80;;;;;
6790;3;;;;;
6791;10;;;;;
6792;189;;;;;
6793;3;;;;;
6794;4;;;;;
6795;1;;;;;
6796;6;;;;;
6797;138;;;;;
6798;4;;;;;
6799;89;;;;;
6800;1;;;;;
6801;8;;;;;
6802;2;;;;;
6803;19;;;;;
6804;2;;;;;
6805;3;;;;;
6806;1;;;;;
6807;5;;;;;
6808;3;;;;;
6809;9;;;;;
6810;1;;;;;
6811;82;;;;;
6812;5;;;;;
6813;7;;;;;
6814;0;;;;;
6815;4;;;;;
6816;0;;;;;
6817;9;;;;;
6818;57;;;;;
6819;201;;;;;
6820;380;;;;;
6821;5;;;;;
6822;54;;;;;
6823;0;;;;;
6824;6;;;;;
6825;50;;;;;
6826;68;;;;;
6827;0;;;;;
6828;135;;;;;
6829;3;;;;;
6830;8;;;;;
6831;3;;;;;
6832;41;;;;;
6833;30;;;;;
6834;11;;;;;
6835;12;;;;;
6836;40;;;;;
6837;42;;;;;
6838;3;;;;;
6839;15;;;;;
6840;3;;;;;
6841;7;;;;;
6842;13;;;;;
6843;1;;;;;
6844;24;;;;;
6845;12;;;;;
6846;300;;;;;
6847;4;;;;;
6848;2;;;;;
6849;33;;;;;
6850;8;;;;;
6851;3;;;;;
6852;1;;;;;
6853;2;;;;;
6854;27;;;;;
6855;7;;;;;
6856;19;;;;;
6857;8;;;;;
6858;13;;;;;
6859;63;;;;;
6860;46;;;;;
6861;3;;;;;
6862;13;;;;;
6863;298;;;;;
6864;103;;;;;
6865;16;;;;;
6866;139;;;;;
6867;18;;;;;
6868;74;;;;;
6869;135;;;;;
6870;22;;;;;
6871;40;;;;;
6872;151;;;;;
6873;79;;;;;
6874;2;;;;;
6875;11;;;;;
6876;49;;;;;
6877;9;;;;;
6878;20;;;;;
6879;6;;;;;
6880;8;;;;;
6881;3;;;;;
6882;2;;;;;
6883;8;;;;;
6884;43;;;;;
6885;443;;;;;
6886;6;;;;;
6887;61;;;;;
6888;77;;;;;
6889;8;;;;;
6890;32;;;;;
6891;19;;;;;
6892;7;;;;;
6893;5;;;;;
6894;20;;;;;
6895;12;;;;;
6896;7;;;;;
6897;30;;;;;
6898;4;;;;;
6899;11;;;;;
6900;77;;;;;
6901;49;;;;;
6902;166;;;;;
6903;27;;;;;
6904;1;;;;;
6905;4;;;;;
6906;29;;;;;
6907;2;;;;;
6908;77;;;;;
6909;41;;;;;
6910;4;;;;;
6911;28;;;;;
6912;9;;;;;
6913;7;;;;;
6914;30;;;;;
6915;1;;;;;
6916;2;;;;;
6917;754;;;;;
6918;273;;;;;
6919;272;;;;;
6920;69;;;;;
6921;30;;;;;
6922;100;;;;;
6923;1133;;;;;
6924;550;;;;;
6925;157;;;;;
6926;82;;;;;
6927;824;;;;;
6928;111;;;;;
6929;296;;;;;
6930;343;;;;;
6931;357;;;;;
6932;213;;;;;
6933;385;;;;;
6934;199;;;;;
6935;120;;;;;
6936;169;;;;;
6937;443;;;;;
6938;351;;;;;
6939;555;;;;;
6940;14;;;;;
6941;131;;;;;
6942;600;;;;;
6943;367;;;;;
6944;747;;;;;
6945;42;;;;;
6946;53;;;;;
6947;353;;;;;
6948;294;;;;;
6949;694;;;;;
6950;3250;;;;;
6951;1988;;;;;
6952;282;;;;;
6953;1799;;;;;
6954;883;;;;;
6955;1855;;;;;
6956;1152;;;;;
6957;1458;;;;;
6958;419;;;;;
6959;433;;;;;
6960;815;;;;;
6961;486;;;;;
6962;171;;;;;
6963;179;;;;;
6964;251;;;;;
6965;119;;;;;
6966;255;;;;;
6967;1785;;;;;
6968;1047;;;;;
6969;1319;;;;;
6970;44;;;;;
6971;83;;;;;
6972;336;;;;;
6973;165;;;;;
6974;202;;;;;
6975;228;;;;;
6976;122;;;;;
6977;167;;;;;
6978;208;;;;;
6979;80;;;;;
6980;263;;;;;
6981;90;;;;;
6982;32;;;;;
6983;178;;;;;
6984;69;;;;;
6985;186;;;;;
6986;121;;;;;
6987;15;;;;;
6988;1019;;;;;
6989;144;;;;;
6990;85;;;;;
6991;153;;;;;
6992;47;;;;;
6993;36;;;;;
6994;172;;;;;
6995;675;;;;;
6996;161;;;;;
6997;106;;;;;
6998;123;;;;;
6999;185;;;;;
7000;250;;;;;
7001;46;;;;;
7002;296;;;;;
7003;384;;;;;
7004;1784;;;;;
7005;566;;;;;
7006;231;;;;;
7007;549;;;;;
7008;228;;;;;
7009;55;;;;;
7010;27;;;;;
7011;148;;;;;
7012;22;;;;;
7013;28;;;;;
7014;459;;;;;
7015;409;;;;;
7016;173;;;;;
7017;8;;;;;
7018;349;;;;;
7019;229;;;;;
7020;1082;;;;;
7021;3;;;;;
7022;53;;;;;
7023;657;;;;;
7024;6;;;;;
7025;2;;;;;
7026;137;;;;;
7027;102;;;;;
